Rk,Player,market value,id,Nation,Pos,Squad,Age,Born,90s,Tkl,TklW,Def 3rd,Mid 3rd,Att 3rd,Tkl,Att,Tkl%,Past,Press,Succ,%,Def 3rd,Mid 3rd,Att 3rd,Blocks,Sh,ShSv,Pass,Int,Tkl+Int,Clr,Err
Pape Abou Cisse,8bc373ea,6000000,sn SEN,DF,gr Olympiacos,24,1995,5.0,7,1,3,4,0,2,2,100.0,0,41,15,36.6,25,16,0,13,6,0,7,9,16,23,0
Tammy Abraham,f586779e,38000000,eng ENG,FW,eng Chelsea,22,1997,2.6,0,0,0,0,0,0,0,,0,32,14,43.8,1,10,21,3,2,0,1,1,1,2,0
Francesco Acerbi,b96b595c,10000000,it ITA,DF,it Lazio,32,1988,8.0,14,8,8,6,0,4,11,36.4,7,80,33,41.3,46,28,6,18,5,0,13,13,27,28,0
Marcos Acuña,81442ecb,15000000,ar ARG,DF,es Sevilla,28,1991,3.6,9,8,6,2,1,4,7,57.1,3,53,12,22.6,12,26,15,10,0,0,10,6,15,12,0
Tyler Adams,2b09d998,20000000,us USA,DFMF,de RB Leipzig,21,1999,3.2,7,7,4,2,1,3,12,25.0,9,78,30,38.5,32,38,8,8,0,0,8,4,11,4,0
Karim Adeyemi,501055d8,10000000,de GER,FW,at RB Salzburg,18,2002,0.6,0,0,0,0,0,0,0,,0,12,2,16.7,1,8,3,1,0,0,1,0,0,0,0
Adrián,f76e6b4e,1000000,es ESP,GK,eng Liverpool,33,1987,1.0,0,0,0,0,0,0,0,,0,1,0,0.0,1,0,0,0,0,0,0,0,0,0,0
Nayef Aguerd,288e1e13,8000000,ma MAR,DF,fr Rennes,24,1996,3.1,2,1,1,1,0,0,2,0.0,2,19,9,47.4,11,8,0,5,1,0,4,1,3,18,1
Sergio Agüero,4d034881,18000000,ar ARG,FW,eng Manchester City,32,1988,1.7,0,0,0,0,0,0,1,0.0,1,20,4,20.0,2,8,10,2,0,0,2,0,0,0,0
Manuel Akanji,89ac64a6,30000000,ch SUI,DF,de Dortmund,25,1995,7.0,9,6,4,5,0,3,10,30.0,7,60,23,38.3,35,25,0,8,3,0,5,8,17,22,1
Marley Aké,414e1f69,2500000,fr FRA,FWMF,fr Marseille,19,2001,0.4,0,0,0,0,0,0,0,,0,7,3,42.9,1,2,4,1,0,0,1,0,0,0,0
Nathan Aké,eaeca114,32000000,nl NED,DF,eng Manchester City,25,1995,2.0,3,3,1,0,2,2,3,66.7,1,15,5,33.3,4,6,5,3,0,0,3,2,5,5,0
Jean-Daniel Akpa-Akpro,fdf4b948,3500000,ci CIV,MF,it Lazio,27,1992,3.2,5,5,1,4,0,1,6,16.7,5,57,22,38.6,30,21,6,9,2,0,7,4,9,4,0
David Alaba,05439de2,55000000,at AUT,DFMF,de Bayern Munich,28,1992,9.0,13,5,5,7,1,5,11,45.5,6,119,31,26.1,41,62,16,13,3,0,10,13,26,24,1
Jordi Alba,4601e194,20000000,es ESP,DF,es Barcelona,31,1989,5.4,5,3,1,4,0,1,6,16.7,5,53,13,24.5,15,20,18,8,2,0,6,3,8,5,0
Luis Alberto,5294a83f,45000000,es ESP,MF,it Lazio,27,1992,5.3,12,10,5,4,3,4,20,20.0,16,99,26,26.3,38,49,12,9,2,0,7,7,19,1,0
Thiago Alcántara,77e84962,30000000,es ESP,MF,eng Liverpool,29,1991,2.5,13,9,8,4,1,3,5,60.0,2,56,15,26.8,15,27,14,3,1,0,2,5,18,4,0
Danijel Aleksić,d68cb24c,2500000,rs SRB,MF,tr Başakşehir,29,1991,1.2,0,0,0,0,0,0,4,0.0,4,25,9,36.0,13,7,5,2,0,0,2,1,1,0,0
Carles Aleñá,6c811eb7,15000000,es ESP,MF,es Barcelona,22,1998,1.4,2,2,0,2,0,0,2,0.0,2,18,6,33.3,2,9,7,2,2,0,0,1,3,0,0
Trent Alexander-Arnold,cd1acf9d,75000000,eng ENG,DF,eng Liverpool,21,1998,7.9,9,5,5,4,0,5,17,29.4,12,59,19,32.2,31,20,8,8,0,0,8,17,26,12,1
Hasan Ali Kaldırım,edd38473,1000000,tr TUR,DF,tr Başakşehir,30,1989,1.2,1,0,0,1,0,1,1,100.0,0,14,2,14.3,3,4,7,6,2,0,4,0,1,1,0
Alisson,7a2e46a8,60000000,br BRA,GK,eng Liverpool,27,1992,7.0,0,0,0,0,0,0,0,,0,0,0,,0,0,0,0,0,0,0,0,0,1,0
Marcos Alonso,f4290206,12000000,es ESP,DF,eng Chelsea,29,1990,2.0,2,1,2,0,0,1,2,50.0,1,30,6,20.0,8,16,6,3,0,0,3,0,2,7,0
Éder Álvarez Balanta,8ce30c57,4500000,co COL,MF,be Club Brugge,27,1993,2.6,3,1,1,2,0,1,5,20.0,4,67,16,23.9,32,29,6,7,2,0,5,6,9,7,0
Edson Álvarez,8b3ab7ad,14000000,mx MEX,MFDF,nl Ajax,22,1997,1.4,3,1,2,1,0,0,1,0.0,1,18,4,22.2,9,7,2,3,2,0,1,3,6,4,0
Jordan Amavi,22721b88,9000000,fr FRA,DF,fr Marseille,26,1994,5.0,13,6,9,4,0,2,9,22.2,7,43,9,20.9,21,17,5,4,1,0,3,6,19,13,0
Mikkel Andersen,63e905bc,200000,dk DEN,GK,dk Midtjylland,31,1988,2.0,0,0,0,0,0,0,0,,0,0,0,,0,0,0,0,0,0,0,0,0,0,0
Felipe Anderson,9f1893b9,10000000,br BRA,FW,pt Porto,27,1993,0.7,1,1,0,0,1,0,2,0.0,2,30,5,16.7,9,18,3,5,1,0,4,3,4,0,0
Mikael Anderson,0a721e85,1500000,is ISL,MFFW,dk Midtjylland,22,1998,1.9,4,2,2,2,0,0,1,0.0,1,31,10,32.3,7,22,2,1,0,0,1,1,5,4,0
Joel Andersson,b5f66351,2000000,se SWE,DF,dk Midtjylland,23,1996,4.4,7,1,4,2,1,3,7,42.9,4,36,15,41.7,17,13,6,7,1,0,6,5,12,4,0
Oleksandr Andriyevskyi,4e3f5992,1200000,ua UKR,MF,ua Dynamo Kyiv,26,1994,1.4,6,4,4,2,0,2,4,50.0,2,30,10,33.3,16,12,2,3,0,0,3,2,8,3,0
Angeliño,30941e96,35000000,es ESP,DF,de RB Leipzig,23,1997,7.0,12,8,3,8,1,4,10,40.0,6,88,28,31.8,26,45,17,10,1,0,9,2,14,13,0
Faustino Anjorin,b105919e,2500000,eng ENG,FW,eng Chelsea,18,2001,0.9,3,3,0,2,1,0,0,,0,20,9,45.0,4,9,7,2,0,0,2,0,3,0,0
Marcos Antônio,108fe016,8000000,br BRA,MF,ua Shakhtar,20,2000,2.7,4,2,2,2,0,1,2,50.0,1,60,13,21.7,34,22,4,6,1,0,5,0,4,2,0
Antony,99127249,25000000,br BRA,FW,nl Ajax,20,2000,4.0,4,3,3,1,0,0,6,0.0,6,80,24,30.0,20,42,18,5,0,0,5,3,7,1,0
Youssef El-Arabi,c63f6e46,3000000,ma MAR,FW,gr Olympiacos,33,1987,4.7,1,0,0,1,0,0,2,0.0,2,71,22,31.0,5,35,31,1,1,0,0,2,3,4,0
Ronald Araújo,2bef2bca,25000000,uy URU,DF,es Barcelona,21,1999,1.6,3,3,0,3,0,0,0,,0,17,8,47.1,9,8,0,2,0,0,2,0,3,4,0
Ari,30643ce2,600000,ru RUS,FW,ru Krasnodar,34,1985,0.3,0,0,0,0,0,0,0,,0,1,1,100.0,0,0,1,0,0,0,0,0,0,0,0
Bright Arrey-Mbi,1394bf42,1000000,de GER,DF,de Bayern Munich,17,2003,0.7,1,0,1,0,0,0,0,,0,4,0,0.0,2,0,2,0,0,0,0,0,1,0,0
Sergio Arribas,1e465e70,3000000,es ESP,FW,es Real Madrid,18,2001,0.4,0,0,0,0,0,0,0,,0,8,1,12.5,3,4,1,1,0,0,1,0,0,0,0
Kepa Arrizabalaga,28d596a0,13000000,es ESP,GK,eng Chelsea,25,1994,1.0,0,0,0,0,0,0,0,,0,0,0,,0,0,0,0,0,0,0,0,0,0,0
Marco Asensio,45af8a54,35000000,es ESP,FW,es Real Madrid,24,1996,6.9,8,5,2,1,5,4,7,57.1,3,68,23,33.8,13,24,31,3,0,0,3,7,15,2,0
Majeed Ashimeru,552e00b9,2500000,gh GHA,MF,at RB Salzburg,22,1997,0.5,2,1,0,1,1,2,2,100.0,0,16,3,18.8,6,9,1,1,0,0,1,0,2,0,0
Sardar Azmoun,10549b49,25000000,ir IRN,FW,ru Zenit,25,1995,3.2,0,0,0,0,0,0,2,0.0,2,30,4,13.3,1,6,23,2,0,0,2,2,2,3,0
César Azpilicueta,53cad200,13000000,es ESP,DF,eng Chelsea,30,1989,10.7,25,13,12,10,3,10,20,50.0,10,185,58,31.4,77,88,20,23,8,0,15,13,38,46,0
Demba Ba,8b683d09,500000,sn SEN,FW,tr Başakşehir,35,1985,3.6,0,0,0,0,0,0,4,0.0,4,33,3,9.1,2,15,16,3,1,0,2,1,1,3,0
Ousseynou Ba,60c07b31,5000000,sn SEN,DF,gr Olympiacos,24,1995,2.1,4,4,4,0,0,1,7,14.3,6,19,8,42.1,18,1,0,2,1,0,1,1,5,12,0
Youssouph Badji,6a2b9aee,3500000,sn SEN,FW,be Club Brugge,18,2001,0.4,0,0,0,0,0,0,1,0.0,1,6,1,16.7,0,3,3,1,1,0,0,0,0,0,0
Mitchel Bakker,a8567629,10000000,nl NED,DF,fr Paris S-G,20,2000,4.6,8,3,4,3,1,2,6,33.3,4,59,13,22.0,27,22,10,9,0,0,9,6,14,17,1
Leonardo Balerdi,7c3ed041,8000000,ar ARG,DF,fr Marseille,21,1999,2.8,5,5,3,2,0,1,4,25.0,3,29,12,41.4,20,9,0,2,1,0,1,4,9,5,0
Tudor Băluță,ed33f42d,2000000,ro ROU,MF,ua Dynamo Kyiv,21,1999,0.1,0,0,0,0,0,0,0,,0,3,0,0.0,1,1,1,1,1,0,0,0,0,0,0
Nicolò Barella,6928979a,65000000,it ITA,MF,it Inter,23,1997,5.9,16,12,4,9,3,4,15,26.7,11,100,30,30.0,28,57,15,10,1,0,9,4,20,0,0
Romário Baró,a4e16ab4,5000000,pt POR,MF,pt Porto,20,2000,0.7,1,0,0,1,0,1,3,33.3,2,21,3,14.3,5,15,1,2,0,0,2,0,1,2,0
Wílmar Barrios,8e7f49d3,15000000,co COL,MF,ru Zenit,26,1993,5.5,14,11,11,2,1,4,14,28.6,10,117,36,30.8,70,39,8,17,4,0,13,7,21,9,0
Alessandro Bastoni,75b86fb3,60000000,it ITA,DF,it Inter,21,1999,4.6,4,2,2,2,0,1,4,25.0,3,40,15,37.5,16,17,7,2,0,0,2,2,6,8,0
Roko Baturina,c432ba7d,700000,hr CRO,MFFW,hu Ferencváros,20,2000,0.4,0,0,0,0,0,0,0,,0,1,1,100.0,1,0,0,0,0,0,0,0,0,0,0
Donny van de Beek,50dc94ce,30000000,nl NED,MFFW,eng Manchester Utd,23,1997,3.1,8,7,1,2,5,3,4,75.0,1,46,16,34.8,13,17,16,1,1,0,0,3,11,0,0
Jude Bellingham,57d88cf9,55000000,eng ENG,MF,de Dortmund,17,2003,7.6,25,15,10,9,6,10,21,47.6,11,181,46,25.4,59,84,38,24,2,1,22,9,34,9,0
Darío Benedetto,bef0a7ac,7000000,ar ARG,FW,fr Marseille,30,1990,2.9,1,1,1,0,0,0,0,,0,26,10,38.5,1,9,16,3,0,0,3,1,2,2,0
László Bénes,fe888e39,4000000,sk SVK,MF,de M'Gladbach,22,1997,0.2,0,0,0,0,0,0,0,,0,2,1,50.0,0,2,0,0,0,0,0,0,0,0,0
Ramy Bensebaini,378825c7,22000000,dz ALG,DF,de M'Gladbach,25,1995,5.0,18,16,14,3,1,7,13,53.8,6,73,26,35.6,42,27,4,11,0,0,11,15,33,18,1
Rodrigo Bentancur,3b8674e6,35000000,uy URU,MF,it Juventus,23,1997,5.2,18,13,7,11,0,8,14,57.1,6,97,31,32.0,23,57,17,10,0,0,10,8,26,6,1
Karim Benzema,70d74ece,25000000,fr FRA,FW,es Real Madrid,32,1987,9.3,7,6,1,5,1,3,4,75.0,1,127,36,28.3,19,48,60,5,1,0,4,4,11,2,0
Marcus Berg,b39bf63f,1200000,se SWE,FW,ru Krasnodar,33,1986,5.7,3,2,0,2,1,2,9,22.2,7,78,16,20.5,5,43,30,8,2,0,6,1,4,6,0
Mergim Berisha,eb6e14be,10000000,de GER,MFFW,at RB Salzburg,22,1998,5.2,3,2,1,1,1,0,6,0.0,6,84,30,35.7,11,47,26,2,0,0,2,1,4,2,0
Federico Bernardeschi,ee93c1a9,15000000,it ITA,MFDF,it Juventus,26,1994,1.7,2,2,1,0,1,1,1,100.0,0,13,3,23.1,4,4,5,2,1,0,1,2,4,2,0
Miha Blažič,3cdfc63e,2000000,si SVN,DF,hu Ferencváros,27,1993,6.0,10,6,5,4,1,5,9,55.6,4,45,12,26.7,29,11,5,9,4,0,5,7,17,26,0
Daley Blind,691bef82,15000000,nl NED,DFMF,nl Ajax,30,1990,4.6,11,7,4,7,0,3,6,50.0,3,63,25,39.7,23,36,4,7,2,0,5,5,16,19,0
Jérôme Boateng,2db2fd7b,8500000,de GER,DF,de Bayern Munich,31,1988,5.8,14,6,9,4,1,7,11,63.6,4,65,24,36.9,36,27,2,9,5,0,4,11,25,18,0
Franck Boli,9c2b4382,1100000,ci CIV,FWMF,hu Ferencváros,26,1993,0.9,1,1,0,1,0,0,0,,0,26,7,26.9,1,8,17,0,0,0,0,0,1,0,0
Boli Bolingoli-Mbombo,c603ad6a,2200000,be BEL,DF,tr Başakşehir,25,1995,4.1,9,7,5,1,3,2,5,40.0,3,66,17,25.8,35,23,8,14,4,0,10,8,17,11,0
Valerii Bondar,7713c72a,3000000,ua UKR,DF,ua Shakhtar,21,1999,6.0,9,6,7,2,0,5,10,50.0,5,46,14,30.4,33,10,3,16,8,0,8,4,13,39,1
Leonardo Bonucci,52ec54d0,8000000,it ITA,DF,it Juventus,33,1987,5.5,3,2,1,2,0,1,4,25.0,3,25,9,36.0,13,11,1,6,3,0,3,4,7,10,0
Endre Botka,2cb77ec6,1000000,hu HUN,DF,hu Ferencváros,25,1994,2.9,3,3,3,0,0,1,3,33.3,2,25,9,36.0,9,12,4,7,3,1,4,2,5,4,0
Andreas Bouchalakis,1c07b06e,5000000,gr GRE,MF,gr Olympiacos,27,1993,4.6,7,4,1,4,2,5,14,35.7,9,73,26,35.6,19,35,19,11,1,0,10,11,18,2,1
Yassine Bounou,f6798fc3,18000000,ma MAR,GK,es Sevilla,29,1991,5.0,0,0,0,0,0,0,0,,0,0,0,,0,0,0,0,0,0,0,0,0,0,0
Benjamin Bourigeaud,20e73fac,15000000,fr FRA,MF,fr Rennes,26,1994,4.1,7,4,5,2,0,3,12,25.0,9,66,20,30.3,17,33,16,10,2,1,8,2,9,7,0
Denys Boyko,1e064bfb,1000000,ua UKR,GK,ua Dynamo Kyiv,32,1988,1.0,0,0,0,0,0,0,0,,0,0,0,,0,0,0,0,0,0,0,0,0,0,0
Martin Braithwaite,fd771f95,9000000,dk DEN,FW,es Barcelona,29,1991,2.6,0,0,0,0,0,0,0,,0,33,14,42.4,0,6,27,3,1,0,2,1,1,1,0
Julian Brandt,a167537f,20000000,de GER,MF,de Dortmund,24,1996,2.4,4,2,1,2,1,2,3,66.7,1,59,16,27.1,13,27,19,1,0,0,1,2,6,3,0
Brian Brobbey,4c184730,7500000,nl NED,FW,nl Ajax,18,2002,0.5,1,1,0,1,0,0,0,,0,4,1,25.0,0,1,3,1,0,0,1,0,1,0,0
Marcelo Brozović,33b8d077,40000000,hr CRO,MF,it Inter,27,1992,4.1,10,10,2,7,1,4,10,40.0,6,54,23,42.6,14,28,12,8,3,0,5,1,11,0,0
Bruma,5caa62a7,5000000,pt POR,FWMF,gr Olympiacos,25,1994,0.7,0,0,0,0,0,0,0,,0,9,1,11.1,3,6,0,2,0,0,2,0,0,0,0
Gianluigi Buffon,e40d028b,1000000,it ITA,GK,it Juventus,42,1978,1.0,0,0,0,0,0,0,0,,0,0,0,,0,0,0,0,0,0,0,0,0,0,0
Roman Bürki,9d12e142,4000000,ch SUI,GK,de Dortmund,29,1990,4.0,0,0,0,0,0,0,0,,0,0,0,,0,0,0,0,0,0,0,0,0,0,0
Heorhiy Bushchan,eb2b33aa,5000000,ua UKR,GK,ua Dynamo Kyiv,26,1994,4.0,0,0,0,0,0,0,1,0.0,1,1,1,100.0,1,0,0,0,0,0,0,0,0,0,0
Sergio Busquets,5ab0ea87,9000000,es ESP,MF,es Barcelona,32,1988,3.7,11,10,4,3,4,4,12,33.3,8,58,22,37.9,14,25,19,3,1,0,2,3,14,0,0
Vitaliy Buyalskyi,b8814868,5000000,ua UKR,MF,ua Dynamo Kyiv,27,1993,3.8,12,5,6,5,1,5,12,41.7,7,70,11,15.7,19,41,10,7,0,0,7,2,14,2,0
Rémy Cabella,148e136f,9000000,fr FRA,MFFW,ru Krasnodar,30,1990,2.8,4,3,1,2,1,0,7,0.0,7,45,7,15.6,14,19,12,3,1,0,2,0,4,0,0
Júnior Caiçara,038aa94a,1300000,br BRA,DF,tr Başakşehir,31,1989,0.3,0,0,0,0,0,0,0,,0,0,0,,0,0,0,2,1,0,1,0,0,3,0
Felipe Caicedo,93b891d1,4000000,ec ECU,FWMF,it Lazio,31,1988,1.5,1,0,1,0,0,1,1,100.0,0,10,2,20.0,2,3,5,0,0,0,0,2,3,0,0
Jens Cajuste,928a4a61,5000000,se SWE,MF,dk Midtjylland,20,1999,3.6,9,7,2,6,1,6,12,50.0,6,56,21,37.5,13,34,9,10,2,0,8,3,12,5,1
Mattia Caldara,ac7e640b,5000000,it ITA,DF,it Atalanta,26,1994,0.1,0,0,0,0,0,0,0,,0,4,0,0.0,1,3,0,0,0,0,0,1,1,0,0
Duje Ćaleta-Car,94f8d10c,25000000,hr CRO,DF,fr Marseille,23,1996,4.0,3,3,1,2,0,0,3,0.0,3,23,9,39.1,7,14,2,7,4,0,3,2,5,14,0
Mohamed Camara,489e80e3,10000000,ml MLI,MF,at RB Salzburg,20,2000,4.6,19,14,5,12,2,4,16,25.0,12,107,38,35.5,33,64,10,14,0,0,14,5,24,3,0
Mohamed Camara,13ea2544,3000000,gn GUI,MF,gr Olympiacos,23,1997,3.2,7,3,2,4,1,2,9,22.2,7,57,11,19.3,15,32,10,2,0,0,2,3,10,0,0
Eduardo Camavinga,7b9c2d84,55000000,fr FRA,MF,fr Rennes,17,2002,3.6,7,5,2,2,3,1,8,12.5,7,56,14,25.0,12,36,8,6,2,0,4,3,10,1,0
Sergio Camello,873619c6,2300000,es ESP,MF,es Atlético Madrid,19,2001,0.1,0,0,0,0,0,0,0,,0,6,0,0.0,2,2,2,0,0,0,0,0,0,0,0
Emre Can,a65ce836,26000000,de GER,MFDF,de Dortmund,26,1994,5.2,11,11,6,4,1,1,7,14.3,6,61,22,36.1,28,29,4,9,5,0,4,8,19,9,0
João Cancelo,bd6351cd,55000000,pt POR,DF,eng Manchester City,26,1994,6.7,19,13,8,9,2,7,17,41.2,10,77,28,36.4,21,40,16,11,1,0,10,16,35,11,0
Diego Carlos,b4a014b1,45000000,br BRA,DF,es Sevilla,27,1993,8.0,7,3,4,2,1,3,6,50.0,3,67,29,43.3,33,28,6,16,6,1,10,9,16,37,1
Yannick Carrasco,de39485a,40000000,be BEL,MFDF,es Atlético Madrid,26,1993,4.2,8,6,5,0,3,3,5,60.0,2,58,23,39.7,17,21,20,2,0,0,2,3,11,5,0
Dani Carvajal,4958bfb2,30000000,es ESP,DF,es Real Madrid,28,1992,1.8,2,0,0,0,2,2,4,50.0,2,19,3,15.8,4,7,8,5,0,0,5,2,4,1,0
Casemiro,4d224fe8,70000000,br BRA,MF,es Real Madrid,28,1992,9.2,28,17,13,13,2,8,32,25.0,24,168,62,36.9,77,71,20,25,3,0,22,16,44,18,0
Danilo Cataldi,ba3d3bea,2500000,it ITA,MF,it Lazio,25,1994,1.0,1,1,1,0,0,0,3,0.0,3,14,5,35.7,5,8,1,1,0,0,1,1,2,1,0
Edinson Cavani,527f063d,6000000,uy URU,FW,eng Manchester Utd,33,1987,2.3,2,1,0,0,2,1,3,33.3,2,48,13,27.1,1,15,32,2,0,0,2,0,2,0,0
Murilo Cerqueira,10fe831e,2500000,br BRA,DF,ru Loko Moscow,23,1997,5.0,7,4,4,3,0,4,8,50.0,4,39,15,38.5,19,17,3,11,2,1,9,10,17,48,1
Nacer Chadli,5b54bf3b,5000000,be BEL,MFDF,tr Başakşehir,30,1989,1.3,0,0,0,0,0,0,1,0.0,1,11,2,18.2,0,5,6,1,0,0,1,2,2,1,0
Yevgeni Chernov,15975a3c,2500000,ru RUS,DF,ru Krasnodar,27,1992,3.2,1,0,0,1,0,1,3,33.3,2,26,8,30.8,11,8,7,10,4,0,6,1,2,11,1
Giorgio Chiellini,e85fb9b8,1500000,it ITA,DF,it Juventus,35,1984,1.6,2,1,2,0,0,1,2,50.0,1,8,2,25.0,3,5,0,0,0,0,0,1,3,4,0
Federico Chiesa,b0f7e36c,60000000,it ITA,MFFW,it Juventus,22,1997,6.1,10,5,2,5,3,3,12,25.0,9,75,17,22.7,14,30,31,8,1,0,7,4,14,1,0
Ben Chilwell,d2424d1b,45000000,eng ENG,DF,eng Chelsea,23,1996,8.6,19,13,10,6,3,6,16,37.5,10,120,38,31.7,61,45,14,26,1,0,25,14,33,24,1
Andreas Christensen,1cb49278,30000000,dk DEN,DF,eng Chelsea,24,1996,6.6,3,2,1,2,0,1,6,16.7,5,53,16,30.2,26,22,5,9,5,0,4,11,14,24,0
Eldar Ćivić,5fcb90ac,1500000,ba BIH,DF,hu Ferencváros,24,1996,0.7,5,2,4,1,0,2,4,50.0,2,8,3,37.5,5,3,0,2,0,0,2,1,6,2,0
Viktor Claesson,b3a712de,10000000,se SWE,FWMF,ru Krasnodar,28,1992,3.2,3,2,0,2,1,2,8,25.0,6,40,8,20.0,16,15,9,5,0,0,5,4,7,2,0
Leighton Clarkson,d5dafedb,150000,eng ENG,MF,eng Liverpool,18,2001,1.0,0,0,0,0,0,0,3,0.0,3,16,5,31.3,7,7,2,2,0,0,2,0,0,1,0
Kingsley Coman,042e8a49,65000000,fr FRA,FW,de Bayern Munich,24,1996,6.0,9,4,4,3,2,6,13,46.2,7,133,32,24.1,29,51,53,4,0,0,4,2,11,3,0
Francisco Conceição,5ef3d210,8000000,pt POR,MF,pt Porto,17,2002,0.1,2,1,0,2,0,2,2,100.0,0,4,2,50.0,0,2,2,0,0,0,0,0,2,0,0
Dion Cools,0331786b,1500000,my MAS,DF,dk Midtjylland,24,1996,2.3,2,2,0,2,0,1,2,50.0,1,21,7,33.3,6,11,4,4,0,0,4,6,8,6,0
Vedran Ćorluka,6ceef869,1000000,hr CRO,DF,ru Loko Moscow,34,1986,4.5,10,5,8,2,0,5,7,71.4,2,38,17,44.7,30,8,0,11,7,0,4,9,19,35,1
Jesús Corona,fb938d24,30000000,mx MEX,MFFW,pt Porto,27,1993,8.4,13,10,9,3,1,4,11,36.4,7,101,26,25.7,32,44,25,13,0,0,13,13,26,6,1
Ángel Correa,01eb744d,40000000,ar ARG,FWMF,es Atlético Madrid,25,1995,5.4,7,4,2,3,2,1,8,12.5,7,109,23,21.1,17,44,48,8,0,0,8,2,9,5,0
Joaquín Correa,45b9b619,30000000,ar ARG,FW,it Lazio,25,1994,7.4,4,4,3,1,0,1,8,12.5,7,76,16,21.1,14,35,27,4,2,0,2,2,6,5,0
Diogo Costa,93fffbcf,6000000,pt POR,GK,pt Porto,20,1999,1.0,0,0,0,0,0,0,0,,0,0,0,,0,0,0,0,0,0,0,0,0,0,0
Douglas Costa,4fa7cb9b,6000000,br BRA,FWMF,de Bayern Munich,29,1990,2.6,1,1,0,0,1,0,0,,0,36,12,33.3,7,10,19,0,0,0,0,1,2,0,0
Thibaut Courtois,1840e36d,60000000,be BEL,GK,es Real Madrid,28,1992,12.0,0,0,0,0,0,0,1,0.0,1,2,0,0.0,2,0,0,0,0,0,0,0,0,1,0
Philippe Coutinho,0ef89a37,30000000,br BRA,MF,es Barcelona,28,1992,1.5,0,0,0,0,0,0,1,0.0,1,19,6,31.6,2,8,9,1,1,0,0,3,3,0,0
Enzo Crivelli,06f33dc8,2500000,fr FRA,FW,tr Başakşehir,25,1995,2.7,2,2,0,0,2,0,4,0.0,4,42,9,21.4,1,19,22,3,0,0,3,0,2,0,0
Juan Cuadrado,0ab1f153,16000000,co COL,DF,it Juventus,32,1988,6.1,16,12,7,6,3,9,20,45.0,11,70,24,34.3,28,30,12,6,1,0,5,7,23,6,0
Mickaël Cuisance,5722eced,7000000,fr FRA,MFFW,fr Marseille,20,1999,2.6,9,7,3,3,3,2,7,28.6,5,72,21,29.2,21,35,16,4,0,0,4,0,9,0,0
Szymon Czyż,4c14af32,300000,pl POL,MF,it Lazio,19,2001,0.3,3,1,1,0,2,1,2,50.0,1,6,1,16.7,3,1,2,0,0,0,0,0,3,1,0
Danilo D'Ambrosio,44eb9093,5000000,it ITA,DF,it Inter,31,1988,3.4,7,2,1,2,4,1,6,16.7,5,42,7,16.7,12,14,16,3,0,0,3,3,10,5,0
Damien Da Silva,1ec7e1c5,2000000,fr FRA,DF,fr Rennes,32,1988,5.8,6,6,4,2,0,2,2,100.0,0,15,8,53.3,9,6,0,10,4,0,6,0,6,26,0
Colin Dagba,29c02c9f,12000000,fr FRA,DF,fr Paris S-G,21,1998,2.5,12,5,8,3,1,5,13,38.5,8,53,14,26.4,38,11,4,8,2,0,6,3,15,9,0
Mahmoud Dahoud,db4ed67b,16000000,de GER,MF,de Dortmund,24,1996,5.4,16,11,6,9,1,4,12,33.3,8,123,34,27.6,39,65,19,16,1,0,15,3,19,10,0
Patson Daka,ca45605e,22000000,zm ZAM,FW,at RB Salzburg,21,1998,2.3,5,2,2,2,1,0,3,0.0,3,29,11,37.9,4,7,18,2,0,0,2,3,8,2,0
Danilo,94b2001f,20000000,br BRA,DF,it Juventus,29,1991,6.3,19,11,10,7,2,14,21,66.7,7,56,7,12.5,23,21,12,11,3,0,8,9,28,13,1
Matteo Darmian,96e0490d,7000000,it ITA,DF,it Inter,30,1989,1.9,2,1,0,1,1,1,6,16.7,5,26,9,34.6,6,10,10,2,0,0,2,1,3,2,0
Alphonso Davies,d781d855,70000000,ca CAN,DF,de Bayern Munich,19,2000,3.6,8,3,4,4,0,5,10,50.0,5,62,15,24.2,22,21,19,9,2,1,7,12,20,3,0
Kevin De Bruyne,e46012d4,100000000,be BEL,MFFW,eng Manchester City,29,1991,7.4,10,7,1,4,5,1,19,5.3,18,185,41,22.2,17,61,107,13,2,0,11,5,15,3,0
Charles De Ketelaere,2ef7c612,16000000,be BEL,FWDF,be Club Brugge,19,2001,5.1,12,7,3,4,5,2,6,33.3,4,123,31,25.2,12,47,64,12,1,0,11,2,14,2,0
Konrad De La Fuente,4b77bb89,4000000,us USA,MFFW,es Barcelona,19,2001,0.2,1,0,0,0,1,0,0,,0,6,2,33.3,1,1,4,0,0,0,0,1,2,0,0
Romain Del Castillo,0be95d34,4500000,fr FRA,FWMF,fr Rennes,24,1996,1.5,2,2,0,0,2,1,6,16.7,5,32,6,18.8,8,17,7,1,0,0,1,1,3,0,0
Thomas Delaney,fe641c1a,15000000,dk DEN,MFDF,de Dortmund,28,1991,4.8,14,10,4,9,1,1,5,20.0,4,89,30,33.7,32,49,8,9,1,0,8,6,20,8,0
Simon Deli,6b6cbca4,4300000,ci CIV,DF,be Club Brugge,28,1991,3.5,1,1,1,0,0,1,2,50.0,1,23,10,43.5,11,12,0,7,4,0,3,4,5,14,1
Moussa Dembélé,e7986081,20000000,fr FRA,FW,es Atlético Madrid,24,1996,0.5,0,0,0,0,0,0,0,,0,7,1,14.3,0,6,1,1,0,0,1,0,0,0,0
Ousmane Dembélé,b19db005,50000000,fr FRA,FW,es Barcelona,23,1997,4.2,3,3,1,2,0,1,10,10.0,9,51,15,29.4,13,19,19,1,0,0,1,4,7,0,0
Merih Demiral,e3cceee6,28000000,tr TUR,DF,it Juventus,22,1998,4.4,4,3,4,0,0,2,3,66.7,1,34,14,41.2,19,13,2,7,1,0,6,2,6,13,2
Emmanuel Dennis,2c44a35d,5000000,ng NGA,FWMF,be Club Brugge,22,1997,3.8,6,1,3,3,0,3,4,75.0,1,79,22,27.8,10,34,35,5,0,0,5,0,6,0,0
Dentinho,85686f86,1500000,br BRA,FW,ua Shakhtar,31,1989,1.8,2,2,2,0,0,1,2,50.0,1,29,6,20.7,10,12,7,5,0,0,5,2,4,2,0
Fabio Depaoli,d97f2e8d,3500000,it ITA,DF,it Atalanta,23,1997,0.1,0,0,0,0,0,0,0,,0,5,2,40.0,1,1,3,0,0,0,0,0,0,1,0
Sergiño Dest,5976f83e,30000000,us USA,DF,es Barcelona,19,2000,6.5,13,7,6,5,2,5,10,50.0,5,81,18,22.2,23,40,18,9,1,0,8,4,17,9,0
Ángel Di María,19cda00b,20000000,ar ARG,FWMF,fr Paris S-G,32,1988,7.7,18,12,7,7,4,8,26,30.8,18,190,47,24.7,76,75,39,9,1,0,8,8,26,0,0
Abdou Diallo,fc62f087,25000000,sn SEN,DF,fr Paris S-G,24,1996,5.6,17,11,11,4,2,9,17,52.9,8,77,24,31.2,42,27,8,11,3,0,8,6,23,22,0
Amad Diallo,9dc96f10,18000000,ci CIV,FW,it Atalanta,18,2002,0.3,0,0,0,0,0,0,0,,0,1,1,100.0,0,0,1,0,0,0,0,0,0,0,0
Rúben Dias,31c69ef1,75000000,pt POR,DF,eng Manchester City,23,1997,10.8,13,6,6,5,2,6,12,50.0,6,68,25,36.8,25,36,7,15,8,0,7,18,31,31,1
Krepin Diatta,8104e41e,18000000,sn SEN,MFDF,be Club Brugge,21,1999,4.6,12,9,6,4,2,1,5,20.0,4,60,18,30.0,18,27,15,2,0,0,2,2,14,4,0
Luis Díaz,4a1a9578,18000000,co COL,FWMF,pt Porto,23,1997,5.0,5,3,2,3,0,1,9,11.1,8,86,23,26.7,23,34,29,4,0,0,4,1,6,0,0
Dénes Dibusz,4030c7ae,2500000,hu HUN,GK,hu Ferencváros,29,1990,6.0,0,0,0,0,0,0,0,,0,1,0,0.0,1,0,0,0,0,0,0,0,0,0,2
Berat Djimsiti,6eee05f1,22000000,al ALB,DF,it Atalanta,27,1993,8.0,11,7,5,5,1,3,9,33.3,6,87,24,27.6,54,27,6,11,6,0,5,16,27,45,0
Dodô,b5f7d10b,20000000,br BRA,DF,ua Shakhtar,21,1998,6.0,7,7,5,1,1,3,13,23.1,10,52,20,38.5,34,12,6,10,1,0,9,8,15,13,0
Jeremy Doku,fffea3e5,22000000,be BEL,FWMF,fr Rennes,18,2002,4.5,12,10,3,8,1,0,1,0.0,1,63,25,39.7,17,26,20,2,0,0,2,3,15,1,0
Thomas Doyle,5526deb1,1000000,eng ENG,MF,eng Manchester City,18,2001,0.1,0,0,0,0,0,0,0,,0,1,0,0.0,0,1,0,1,0,0,1,0,0,0,0
Mohamed Dräger,8954fddc,1000000,tn TUN,DF,gr Olympiacos,24,1996,0.7,3,0,1,2,0,3,5,60.0,2,18,3,16.7,12,4,2,1,0,0,1,0,3,4,0
Radu Drăgușin,620922ed,3000000,ro ROU,DF,it Juventus,18,2002,0.2,0,0,0,0,0,0,0,,0,3,0,0.0,2,0,1,0,0,0,0,0,0,1,0
Julian Draxler,1a992676,20000000,de GER,FWMF,fr Paris S-G,26,1993,3.0,0,0,0,0,0,0,4,0.0,4,34,6,17.6,8,23,3,5,0,0,5,7,7,3,0
Anders Dreyer,c6486b01,6000000,dk DEN,FWMF,dk Midtjylland,22,1998,5.5,6,5,0,3,3,5,10,50.0,5,62,17,27.4,12,31,19,5,0,0,5,4,10,1,0
Sebastián Driussi,60e86875,7500000,ar ARG,MFFW,ru Zenit,24,1996,3.1,11,6,8,2,1,2,13,15.4,11,90,22,24.4,27,42,21,6,0,0,6,1,12,0,0
Hugo Duro,37e103f8,5000000,es ESP,FW,es Real Madrid,20,1999,0.2,1,0,0,0,1,1,1,100.0,0,5,1,20.0,0,0,5,0,0,0,0,0,1,0,0
Lasha Dvali,303636d2,900000,ge GEO,DF,hu Ferencváros,25,1995,4.1,5,2,4,1,0,1,4,25.0,3,37,11,29.7,31,6,0,4,1,0,3,8,13,11,0
Paulo Dybala,e0921a4f,50000000,ar ARG,MFFW,it Juventus,26,1993,2.4,0,0,0,0,0,0,4,0.0,4,34,9,26.5,3,15,16,2,0,0,2,1,1,1,0
Artem Dzyuba,448a3608,11000000,ru RUS,FW,ru Zenit,31,1988,3.8,0,0,0,0,0,0,2,0.0,2,48,13,27.1,2,16,30,3,3,0,0,0,0,2,0
Éder,f0fc9d0e,700000,pt POR,FW,ru Loko Moscow,32,1987,2.8,1,1,0,1,0,0,1,0.0,1,30,9,30.0,2,16,12,1,0,0,1,0,1,0,0
Ederson,3bb7b8b4,50000000,br BRA,GK,eng Manchester City,26,1993,12.0,0,0,0,0,0,0,1,0.0,1,2,0,0.0,2,0,0,0,0,0,0,0,0,1,0
Jurgen Ekkelenkamp,73d6a176,3200000,nl NED,MF,nl Ajax,20,2000,1.0,0,0,0,0,0,0,4,0.0,4,17,3,17.6,9,7,1,1,0,0,1,2,2,1,0
Nico Elvedi,48035304,28000000,ch SUI,DF,de M'Gladbach,23,1996,6.9,13,3,11,2,0,4,8,50.0,4,55,17,30.9,37,18,0,17,7,0,10,8,21,31,1
Breel Embolo,0b4f388a,16000000,ch SUI,FWMF,de M'Gladbach,23,1997,3.3,3,3,0,1,2,1,4,25.0,3,64,18,28.1,6,32,26,1,0,0,1,2,5,1,0
Youssef En-Nesyri,04e17fd5,40000000,ma MAR,FW,es Sevilla,23,1997,4.3,2,2,0,1,1,0,3,0.0,3,64,18,28.1,5,29,30,1,0,0,1,2,4,5,0
Alexandru Epureanu,58dda688,350000,md MDA,DF,tr Başakşehir,33,1986,4.5,3,3,0,3,0,2,4,50.0,2,26,10,38.5,10,13,3,9,4,0,5,8,11,17,0
Christian Eriksen,980522ec,40000000,dk DEN,MFFW,it Inter,28,1992,1.1,0,0,0,0,0,0,1,0.0,1,14,3,21.4,2,8,4,2,0,0,2,0,0,0,0
Aleksandr Erokhin,1c78737d,2500000,ru RUS,MFFW,ru Zenit,30,1989,3.0,4,3,1,2,1,1,4,25.0,3,47,14,29.8,21,14,12,4,0,0,4,2,6,2,0
Gonzalo Escalante,3f79a1c8,3200000,ar ARG,MF,it Lazio,27,1993,1.6,6,6,4,2,0,3,6,50.0,3,28,16,57.1,16,12,0,1,0,0,1,8,14,1,0
Sergio Escudero,b0616e3d,2500000,es ESP,DF,es Sevilla,30,1989,2.0,2,2,2,0,0,1,2,50.0,1,14,6,42.9,6,4,4,3,0,0,3,2,4,1,0
Evander,4352d221,6000000,br BRA,MF,dk Midtjylland,22,1998,1.7,1,1,0,0,1,0,0,,0,15,3,20.0,1,9,5,0,0,0,0,2,3,0,0
Evanilson,6f3cc2fe,7500000,br BRA,FW,pt Porto,20,1999,0.9,0,0,0,0,0,0,1,0.0,1,8,2,25.0,0,4,4,1,0,0,1,0,0,1,0
Fabinho,7f3b388c,60000000,br BRA,DFMF,eng Liverpool,26,1993,6.2,28,16,18,9,1,10,16,62.5,6,90,33,36.7,33,52,5,14,4,2,10,17,45,25,0
Mohamed Fares,b7a5bc86,5500000,dz ALG,DF,it Lazio,24,1996,3.8,9,4,5,3,1,3,10,30.0,7,60,18,30.0,31,19,10,12,0,0,12,6,15,10,0
Ansu Fati,0ba976e4,60000000,es ESP,FW,es Barcelona,17,2002,1.8,1,0,0,0,1,1,3,33.3,2,25,3,12.0,4,8,13,5,1,0,4,0,1,1,0
Felipe,51a3c4c8,12000000,br BRA,DF,es Atlético Madrid,31,1989,4.3,8,4,5,3,0,5,8,62.5,3,40,21,52.5,28,10,2,11,5,0,6,6,14,35,0
Luiz Felipe,15d0c248,18000000,br BRA,DF,it Lazio,23,1997,2.0,7,1,5,2,0,2,2,100.0,0,23,5,21.7,17,6,0,7,1,0,6,0,7,7,0
João Félix,8aafd64f,80000000,pt POR,FWMF,es Atlético Madrid,20,1999,7.8,7,3,0,5,2,2,7,28.6,5,77,21,27.3,14,34,29,3,0,0,3,3,10,3,0
Bruno Fernandes,507c7bdf,90000000,pt POR,MF,eng Manchester Utd,25,1994,4.9,8,5,1,3,4,3,14,21.4,11,113,38,33.6,18,45,50,6,2,0,4,3,11,3,0
Matheus Fernandes,f76fdcd2,1500000,br BRA,MF,es Barcelona,22,1998,0.2,0,0,0,0,0,0,0,,0,0,0,,0,0,0,0,0,0,0,0,0,0,0
Carlos Fernández,e08647d6,9000000,es ESP,FW,es Sevilla,24,1996,0.1,0,0,0,0,0,0,1,0.0,1,5,2,40.0,0,2,3,0,0,0,0,0,0,0,0
Fernandinho,101da2b5,2000000,br BRA,MF,eng Manchester City,35,1985,3.8,12,8,0,8,4,5,10,50.0,5,88,25,28.4,15,56,17,8,1,0,7,8,20,5,0
Fernando,41f32541,4000000,br BRA,MFDF,es Sevilla,33,1987,5.5,10,7,3,7,0,6,13,46.2,7,66,29,43.9,26,35,5,7,1,0,6,12,22,14,0
Fernando,d9d43555,2500000,br BRA,FW,ua Shakhtar,21,1999,0.4,0,0,0,0,0,0,1,0.0,1,8,2,25.0,1,3,4,2,0,0,2,1,1,2,0
Roberto Firmino,4c370d81,50000000,br BRA,FW,eng Liverpool,28,1991,3.7,4,3,3,1,0,0,2,0.0,2,70,27,38.6,8,37,25,7,0,0,7,1,5,3,0
Junior Firpo,24f59bb2,8000000,es ESP,DF,es Barcelona,23,1996,2.9,7,4,3,3,1,1,5,20.0,4,40,12,30.0,9,19,12,6,2,0,4,2,9,4,0
Alessandro Florenzi,e288d4b3,13000000,it ITA,DF,fr Paris S-G,29,1991,9.0,11,7,7,4,0,5,21,23.8,16,76,22,28.9,34,29,13,14,3,0,11,16,27,15,0
Phil Foden,ed1e53f3,80000000,eng ENG,FWMF,eng Manchester City,20,2000,11.8,17,16,7,5,5,4,13,30.8,9,191,67,35.1,23,63,105,16,1,0,15,15,32,7,1
Emil Forsberg,9a2e0ccc,20000000,se SWE,MFFW,de RB Leipzig,28,1991,5.1,5,4,0,4,1,0,3,0.0,3,92,31,33.7,5,53,34,1,0,0,1,1,6,1,0
Kostas Fortounis,715e5b0e,8000000,gr GRE,FWMF,gr Olympiacos,27,1992,3.2,4,3,0,3,1,2,5,40.0,3,35,10,28.6,6,17,12,0,0,0,0,2,6,0,0
Timothy Fosu-Mensah,a9142dc3,4000000,nl NED,DF,eng Manchester Utd,22,1998,0.3,3,0,0,3,0,1,1,100.0,0,8,2,25.0,5,3,0,1,0,0,1,1,4,1,0
Gianluca Frabotta,d80b1835,2500000,it ITA,DF,it Juventus,21,1999,0.2,0,0,0,0,0,0,0,,0,3,0,0.0,1,1,1,0,0,0,0,0,0,0,0
Lassina Franck Traoré,f620b04f,6500000,bf BFA,FW,nl Ajax,19,2001,2.2,0,0,0,0,0,0,0,,0,27,8,29.6,1,12,14,2,0,0,2,1,1,7,0
Fred,b853e0ad,22000000,br BRA,MF,eng Manchester Utd,27,1993,3.8,10,5,3,6,1,4,13,30.8,9,105,34,32.4,36,54,15,8,0,0,8,8,18,4,0
Remo Freuler,98d2c2c4,25000000,ch SUI,MFFW,it Atalanta,28,1992,5.8,15,7,5,6,4,6,15,40.0,9,109,35,32.1,41,57,11,10,2,0,8,7,22,10,0
Abraham Frimpong,1c90cd29,500000,gh GHA,DF,hu Ferencváros,27,1993,2.0,6,4,5,1,0,0,3,0.0,3,21,10,47.6,18,3,0,7,2,0,5,1,7,5,0
Roberto Gagliardini,ce30bfc8,15000000,it ITA,MF,it Inter,26,1994,2.8,4,2,1,1,2,0,2,0.0,2,43,13,30.2,14,15,14,3,0,0,3,3,7,3,0
Idrissa Gana Gueye,72c812f3,15000000,sn SEN,MF,fr Paris S-G,30,1989,5.4,25,19,15,8,2,5,10,50.0,5,162,48,29.6,88,63,11,16,2,0,14,7,32,10,0
Eric García,2bed3eab,20000000,es ESP,DF,eng Manchester City,19,2001,2.3,1,0,1,0,0,1,1,100.0,0,21,13,61.9,4,15,2,1,1,0,0,2,3,9,0
Yuri Gazinskiy,ecb68eea,4000000,ru RUS,MF,ru Krasnodar,31,1989,4.2,7,4,4,3,0,4,10,40.0,6,68,17,25.0,28,37,3,6,2,0,4,9,16,7,0
Yann Gboho,6be41a31,4500000,fr FRA,MF,fr Rennes,19,2001,1.1,3,3,2,1,0,0,0,,0,26,6,23.1,8,10,8,1,0,0,1,1,4,0,0
David de Gea,7ba6d84e,18000000,es ESP,GK,eng Manchester Utd,29,1990,5.0,0,0,0,0,0,0,0,,0,1,0,0.0,1,0,0,0,0,0,0,0,0,0,0
Valère Germain,ea0ff634,3000000,fr FRA,FWMF,fr Marseille,30,1990,2.2,2,1,1,0,1,0,2,0.0,2,45,13,28.9,8,16,21,0,0,0,0,2,4,1,1
Billy Gilmour,df10e27c,10000000,sct SCO,MF,eng Chelsea,19,2001,1.1,1,0,0,0,1,0,2,0.0,2,18,5,27.8,3,7,8,0,0,0,0,3,4,0,0
Matthias Ginter,f521b80a,30000000,de GER,DF,de M'Gladbach,26,1994,8.0,5,3,4,1,0,1,3,33.3,2,31,7,22.6,18,13,0,12,9,0,3,8,13,31,0
Olivier Giroud,16ceb862,4000000,fr FRA,FW,eng Chelsea,33,1986,2.9,4,2,0,3,1,0,0,,0,32,14,43.8,1,14,17,1,0,0,1,0,4,2,0
Serge Gnabry,88e357ef,70000000,de GER,FWMF,de Bayern Munich,25,1995,4.0,5,2,1,4,0,1,7,14.3,6,68,20,29.4,13,24,31,7,1,0,6,3,8,4,0
Pierluigi Gollini,f0f7f62f,17000000,it ITA,GK,it Atalanta,25,1995,3.0,0,0,0,0,0,0,0,,0,0,0,,0,0,0,0,0,0,0,0,0,0,0
Eulânio Ângelo Chipela Gomes,d9b9b71a,3000000,gw GNB,DF,pt Porto,26,1994,1.5,2,2,1,1,0,0,2,0.0,2,24,6,25.0,8,13,3,4,0,0,4,3,5,4,0
Joe Gomez,7a11550b,30000000,eng ENG,DF,eng Liverpool,23,1997,3.0,5,3,3,2,0,1,4,25.0,3,27,8,29.6,21,6,0,5,0,0,5,3,8,16,0
Papu Gómez,6e4df551,9000000,ar ARG,FW,es Sevilla,32,1988,1.0,4,2,0,3,1,1,3,33.3,2,8,5,62.5,1,4,3,1,0,0,1,1,5,0,0
Papu Gómez,6e4df551,9000000,ar ARG,MFFW,it Atalanta,32,1988,5.0,7,6,2,4,1,4,13,30.8,9,46,12,26.1,10,18,18,4,1,0,3,1,8,0,0
Sergi Gómez,bc6f5f06,3000000,es ESP,DF,es Sevilla,28,1992,2.2,2,1,1,1,0,0,1,0.0,1,16,5,31.3,7,8,1,6,3,0,3,0,2,11,0
Alfred Gomis,cecbce23,7000000,sn SEN,GK,fr Rennes,26,1993,4.0,0,0,0,0,0,0,0,,0,0,0,,0,0,0,0,0,0,0,0,0,0,0
Álvaro González,42dcf26d,7000000,es ESP,DF,fr Marseille,30,1990,6.0,12,8,9,3,0,5,11,45.5,6,42,16,38.1,26,15,1,8,4,0,4,2,14,25,0
Leon Goretzka,cc86b9a3,70000000,de GER,MF,de Bayern Munich,25,1995,4.8,14,8,2,10,2,4,17,23.5,13,98,31,31.6,9,70,19,7,1,0,6,9,23,5,0
Yevgeni Gorodov,8b3d765f,350000,ru RUS,GK,ru Krasnodar,34,1985,2.0,0,0,0,0,0,0,0,,0,0,0,,0,0,0,0,0,0,0,0,0,0,0
Robin Gosens,2d970560,35000000,de GER,DF,it Atalanta,26,1994,6.3,11,5,7,2,2,2,6,33.3,4,63,16,25.4,27,24,12,16,2,0,14,6,17,11,0
Ryan Gravenberch,b8e740fb,33000000,nl NED,MF,nl Ajax,18,2002,5.9,17,11,5,8,4,8,12,66.7,4,72,25,34.7,19,37,16,5,0,0,5,14,31,6,0
Mason Greenwood,58eee997,50000000,eng ENG,FWMF,eng Manchester Utd,18,2001,2.3,0,0,0,0,0,0,0,,0,34,9,26.5,5,19,10,1,0,0,1,3,3,0,0
Clément Grenier,8b298f56,4000000,fr FRA,MF,fr Rennes,29,1991,2.5,9,6,2,5,2,4,10,40.0,6,43,13,30.2,11,23,9,2,0,0,2,0,9,1,1
Antoine Griezmann,df69b544,60000000,fr FRA,FWMF,es Barcelona,29,1991,5.6,7,4,4,2,1,4,8,50.0,4,78,22,28.2,9,44,25,5,0,0,5,5,12,2,0
Marko Grujić,8b8e759d,15000000,rs SRB,MFFW,pt Porto,24,1996,4.3,8,5,5,1,2,3,8,37.5,5,75,17,22.7,16,49,10,10,2,0,8,3,11,9,0
Nemanja Gudelj,0076ab7f,6000000,rs SRB,MFDF,es Sevilla,28,1991,5.5,7,4,2,5,0,2,3,66.7,1,60,24,40.0,15,43,2,8,5,0,3,4,11,9,0
Raphaël Guerreiro,048a1cbc,40000000,pt POR,DF,de Dortmund,26,1993,7.4,5,3,3,2,0,2,6,33.3,4,53,18,34.0,31,15,7,6,0,0,6,5,10,4,0
Pape Gueye,7155e3e1,10000000,sn SEN,MF,fr Marseille,21,1999,1.9,4,3,3,1,0,3,3,100.0,0,27,11,40.7,7,19,1,3,0,0,3,4,8,4,0
Sehrou Guirassy,923f4dda,12000000,fr FRA,FW,fr Rennes,24,1996,3.8,1,0,1,0,0,0,2,0.0,2,32,7,21.9,3,13,16,4,0,0,4,1,2,3,0
Péter Gulácsi,bcb2ccd8,13000000,hu HUN,GK,de RB Leipzig,30,1990,8.0,0,0,0,0,0,0,0,,0,1,1,100.0,1,0,0,0,0,0,0,0,0,0,0
Fredrik Gulbrandsen,b686f4c0,2800000,no NOR,MFFW,tr Başakşehir,27,1992,2.3,2,2,1,0,1,2,3,66.7,1,35,11,31.4,3,16,16,2,0,0,2,1,3,2,0
İlkay Gündoğan,819b3158,40000000,de GER,MF,eng Manchester City,29,1990,10.8,11,8,3,8,0,3,18,16.7,15,132,38,28.8,18,79,35,5,0,0,5,18,29,3,0
Mert Günok,b583aef5,2400000,tr TUR,GK,tr Başakşehir,31,1989,6.0,0,0,0,0,0,0,0,,0,0,0,,0,0,0,0,0,0,0,0,0,1,1
Erling Haaland,1f44ac21,130000000,no NOR,FW,de Dortmund,20,2000,7.8,3,3,1,1,1,1,4,25.0,3,89,23,25.8,5,21,63,3,1,0,2,3,6,13,0
Munir El Haddadi,8696bc90,10000000,ma MAR,FWMF,es Sevilla,24,1995,3.3,3,3,2,1,0,3,4,75.0,1,35,12,34.3,6,15,14,2,0,0,2,1,4,0,0
Amadou Haidara,92432bc6,24000000,ml MLI,MFDF,de RB Leipzig,22,1998,4.7,14,8,6,7,1,7,18,38.9,11,106,22,20.8,30,56,20,9,0,0,9,7,21,3,0
Achraf Hakimi,e42d61c7,60000000,ma MAR,DF,it Inter,21,1998,4.0,9,6,2,5,2,3,13,23.1,10,70,17,24.3,16,28,26,7,2,0,5,4,13,3,1
Marcel Halstenberg,8ff2354e,14000000,de GER,DF,de RB Leipzig,28,1991,2.0,2,2,2,0,0,1,2,50.0,1,15,6,40.0,9,4,2,5,0,0,5,2,4,5,0
Samir Handanović,74419746,2500000,si SVN,GK,it Inter,36,1984,6.0,0,0,0,0,0,0,1,0.0,1,3,0,0.0,3,0,0,1,0,0,1,0,0,0,0
Jesper Hansen,a3b952f8,250000,dk DEN,GK,dk Midtjylland,35,1985,4.0,0,0,0,0,0,0,0,,0,0,0,,0,0,0,0,0,0,0,0,0,0,1
Denys Harmash,bfc5768b,18000000,ua UKR,MFFW,ua Dynamo Kyiv,30,1990,1.7,9,5,4,4,1,4,12,33.3,8,59,14,23.7,20,29,10,5,1,0,4,2,11,7,0
Hans Hateboer,3b333ac3,70000000,nl NED,DF,it Atalanta,26,1994,5.9,7,5,5,1,1,4,12,33.3,8,53,16,30.2,16,17,20,12,1,0,11,4,11,10,0
Kai Havertz,fed7cb61,40000000,de GER,FWMF,eng Chelsea,21,1999,8.7,18,7,7,9,2,7,15,46.7,8,129,31,24.0,19,79,31,16,1,0,15,7,25,12,0
Eden Hazard,a39bb753,1500000,be BEL,FW,es Real Madrid,29,1991,3.0,0,0,0,0,0,0,0,,0,30,7,23.3,0,13,17,2,0,0,2,0,0,0,0
Thorgan Hazard,50871bcc,27000000,be BEL,FW,de Dortmund,27,1993,4.9,9,4,5,3,1,3,7,42.9,4,97,24,24.7,29,38,30,7,2,0,5,2,11,0,0
Hwang Hee-chan,169fd162,11000000,kr KOR,FWMF,de RB Leipzig,24,1996,1.0,1,1,0,1,0,0,2,0.0,2,27,8,29.6,3,8,16,1,0,0,1,3,4,1,0
Marcel Heister,fecd43a3,1000000,de GER,DF,hu Ferencváros,28,1992,4.3,9,8,7,2,0,7,14,50.0,7,53,17,32.1,32,16,5,8,2,0,6,6,15,4,0
Dean Henderson,e5a76dfe,22000000,eng ENG,GK,eng Manchester Utd,23,1997,1.0,0,0,0,0,0,0,0,,0,0,0,,0,0,0,0,0,0,0,0,0,0,0
Jordan Henderson,935e6b8f,20000000,eng ENG,MFDF,eng Liverpool,30,1990,4.0,1,1,1,0,0,1,4,25.0,3,50,16,32.0,15,29,6,8,2,0,6,3,4,11,0
Benjamin Henrichs,0a89e877,12000000,de GER,DFMF,de RB Leipzig,23,1997,1.3,7,3,3,4,0,3,7,42.9,4,41,13,31.7,13,19,9,3,0,0,3,0,7,4,0
Dalbert Henrique,f45f9427,4000000,br BRA,MFDF,fr Rennes,26,1993,2.5,5,3,3,2,0,2,3,66.7,1,25,7,28.0,9,11,5,4,2,0,2,1,6,2,0
Luis Henrique,f36d5624,8000000,br BRA,FWMF,fr Marseille,18,2001,1.1,1,1,0,1,0,1,2,50.0,1,20,3,15.0,5,9,6,1,0,0,1,2,3,1,0
Mario Hermoso,555f3a0b,35000000,es ESP,DF,es Atlético Madrid,25,1995,3.9,12,4,7,4,1,5,11,45.5,6,41,12,29.3,24,15,2,9,2,0,7,9,21,14,1
Lucas Hernández,c3ee18ef,45000000,fr FRA,DF,de Bayern Munich,24,1996,7.7,29,17,20,7,2,10,20,50.0,10,116,47,40.5,59,39,18,16,3,0,13,3,32,21,0
Ander Herrera,436a9dd0,13000000,es ESP,MF,fr Paris S-G,30,1989,6.0,18,12,6,9,3,8,25,32.0,17,131,48,36.6,53,52,26,27,7,0,20,12,30,10,0
Héctor Herrera,a8542814,7000000,mx MEX,MF,es Atlético Madrid,30,1990,3.3,4,2,1,3,0,1,8,12.5,7,61,18,29.5,19,31,11,5,4,0,1,2,6,4,1
Patrick Herrmann,dfb6490a,3500000,de GER,FW,de M'Gladbach,29,1991,0.7,0,0,0,0,0,0,3,0.0,3,11,1,9.1,1,6,4,2,0,0,2,1,1,2,0
Marwin Hitz,2e7ff968,1700000,ch SUI,GK,de Dortmund,32,1987,6.0,0,0,0,0,0,0,0,,0,2,1,50.0,2,0,0,0,0,0,0,0,0,1,0
Wesley Hoedt,875898c7,4000000,nl NED,DF,it Lazio,26,1994,5.4,16,5,16,0,0,5,9,55.6,4,46,22,47.8,34,11,1,7,0,0,7,8,24,24,0
Jonas Hofmann,2903a856,16000000,de GER,FW,de M'Gladbach,28,1992,4.8,6,5,2,2,2,5,24,20.8,19,112,23,20.5,31,55,26,6,0,0,6,2,8,2,0
José Holebas,12aa7661,600000,gr GRE,DF,gr Olympiacos,36,1984,4.8,9,8,3,4,2,5,9,55.6,4,46,22,47.8,20,18,8,8,0,0,8,6,15,14,0
Ethan Horvath,3f65d5ce,1200000,us USA,GK,be Club Brugge,25,1995,1.0,0,0,0,0,0,0,0,,0,0,0,,0,0,0,0,0,0,0,0,0,0,0
Callum Hudson-Odoi,15f3ec41,32000000,eng ENG,FWDF,eng Chelsea,19,2000,3.8,6,3,2,2,2,2,4,50.0,2,35,10,28.6,10,11,14,7,0,0,7,5,11,3,0
Mats Hummels,05d548d8,12000000,de GER,DF,de Dortmund,31,1988,8.8,13,8,9,4,0,4,11,36.4,7,82,29,35.4,59,22,1,23,14,0,9,17,30,57,2
Adrien Hunou,d14229f3,6000000,fr FRA,FWMF,fr Rennes,26,1994,1.0,0,0,0,0,0,0,1,0.0,1,8,4,50.0,2,2,4,1,0,0,1,0,0,0,0
Klaas-Jan Huntelaar,5042e5c2,800000,nl NED,FWMF,nl Ajax,36,1983,0.4,0,0,0,0,0,0,0,,0,2,0,0.0,0,0,2,0,0,0,0,0,0,0,0
Daniel Høegh,01204d46,700000,dk DEN,DF,dk Midtjylland,29,1991,1.0,2,1,1,1,0,0,0,,0,23,11,47.8,13,10,0,1,1,0,0,4,6,10,0
Mauro Icardi,43b78598,40000000,ar ARG,FW,fr Paris S-G,27,1993,2.7,5,4,2,3,0,0,3,0.0,3,37,9,24.3,3,25,9,2,1,0,1,4,9,3,0
Oussama Idrissi,34caa4b3,8000000,ma MAR,FW,es Sevilla,24,1996,1.7,3,1,0,2,1,1,7,14.3,6,33,10,30.3,7,20,6,3,1,0,2,0,3,2,0
Odion Ighalo,03622183,3500000,ng NGA,FW,eng Manchester Utd,31,1989,0.0,0,0,0,0,0,0,0,,0,2,1,50.0,0,1,1,0,0,0,0,0,0,0,0
Vladislav Ignatyev,5cb1d026,1000000,ru RUS,MF,ru Loko Moscow,33,1987,4.3,10,5,8,2,0,2,21,9.5,19,86,20,23.3,50,24,12,9,2,0,7,7,17,11,0
Josip Iličić,68252d6d,6000000,si SVN,MFFW,it Atalanta,32,1988,3.1,2,0,0,1,1,2,7,28.6,5,39,11,28.2,6,13,20,2,0,0,2,4,6,1,0
Ciro Immobile,4431aed2,38000000,it ITA,FW,it Lazio,30,1990,4.6,2,2,0,2,0,0,1,0.0,1,52,13,25.0,4,25,23,4,0,0,4,3,5,0,0
Nikita Iosifov,4c2fa917,250000,ru RUS,MF,ru Loko Moscow,19,2001,0.2,0,0,0,0,0,0,0,,0,6,1,16.7,0,4,2,0,0,0,0,0,0,0,0
Isael,d1f48bfc,900000,br BRA,FWMF,hu Ferencváros,32,1988,4.0,7,6,3,3,1,3,6,50.0,3,54,20,37.0,14,26,14,5,0,0,5,4,11,3,0
Gustav Isaksen,5715bb71,1000000,dk DEN,FWMF,dk Midtjylland,19,2001,0.5,2,2,0,1,1,1,1,100.0,0,6,3,50.0,1,1,4,1,0,0,1,2,4,1,0
Isco,a0b4bb3e,18000000,es ESP,FWMF,es Real Madrid,28,1992,1.1,2,1,1,1,0,1,2,50.0,1,15,4,26.7,5,7,3,3,0,0,3,3,5,1,0
Daniel James,c931d9f9,18000000,wls WAL,FWMF,eng Manchester Utd,22,1997,0.4,0,0,0,0,0,0,0,,0,15,3,20.0,7,6,2,1,0,0,1,0,0,0,0
Manjrekar James,40676b27,350000,ca CAN,DF,dk Midtjylland,26,1993,1.0,4,4,3,1,0,1,4,25.0,3,34,11,32.4,22,12,0,6,1,0,5,0,4,3,0
Reece James,1265a93a,40000000,eng ENG,DF,eng Chelsea,20,1999,6.3,23,12,17,5,1,6,13,46.2,7,92,27,29.3,48,34,10,19,5,0,14,11,34,22,0
Tony Jantschke,34b54da7,1400000,de GER,DF,de M'Gladbach,30,1990,0.6,0,0,0,0,0,0,1,0.0,1,3,1,33.3,0,3,0,2,2,0,0,3,3,5,0
Gabriel Jesus,b66315ae,60000000,br BRA,FW,eng Manchester City,23,1997,3.0,4,2,1,1,2,0,1,0.0,1,44,14,31.8,4,18,22,6,1,0,5,3,7,0,0
Curtis Jones,4fb9c88f,30000000,eng ENG,MF,eng Liverpool,19,2001,4.5,7,7,2,4,1,0,4,0.0,4,92,27,29.3,24,52,16,12,1,0,11,3,10,7,1
Frenkie de Jong,1bacc518,90000000,nl NED,MFDF,es Barcelona,23,1997,6.5,7,4,2,3,2,0,3,0.0,3,73,27,37.0,26,36,11,6,1,0,5,10,17,6,0
Luuk de Jong,abb3bb95,10000000,nl NED,FW,es Sevilla,29,1990,4.2,5,2,2,2,1,3,6,50.0,3,37,15,40.5,8,11,18,6,0,0,6,4,9,1,0
Joan Jordán,2a0c8ba4,30000000,es ESP,MF,es Sevilla,26,1994,4.5,9,8,2,4,3,5,16,31.3,11,63,21,33.3,12,37,14,3,1,0,2,6,15,3,0
Jorginho,45db685d,40000000,it ITA,MF,eng Chelsea,28,1991,11.4,25,18,10,11,4,10,31,32.3,21,218,72,33.0,83,115,20,26,6,0,20,21,46,18,0
Diogo Jota,178ae8f8,45000000,pt POR,FW,eng Liverpool,23,1996,6.0,4,2,2,2,0,1,7,14.3,6,113,25,22.1,15,53,45,8,1,0,7,4,8,0,0
Luka Jović,4d8cd038,20000000,rs SRB,FW,es Real Madrid,22,1997,0.6,0,0,0,0,0,0,0,,0,4,1,25.0,0,1,3,0,0,0,0,0,0,0,0
Vinicius Júnior,7111d552,40000000,br BRA,FW,es Real Madrid,20,2000,7.0,10,5,6,1,3,2,5,40.0,3,171,47,27.5,42,65,64,12,1,0,11,5,15,1,0
Zlatko Junuzović,dba67bc4,2500000,at AUT,MF,at RB Salzburg,32,1987,5.1,16,11,7,8,1,5,11,45.5,6,94,40,42.6,31,53,10,11,2,0,9,11,27,7,0
Sory Kaba,d29202c2,3000000,gn GUI,FW,dk Midtjylland,25,1995,5.1,7,5,2,2,3,3,6,50.0,3,70,30,42.9,12,22,36,5,1,0,4,5,12,3,0
Ozan Kabak,2d61d13a,25000000,tr TUR,DF,eng Liverpool,20,2000,3.5,8,5,5,3,0,0,1,0.0,1,38,18,47.4,23,14,1,10,5,0,5,5,13,11,1
İrfan Kahveci,d2800f47,11000000,tr TUR,MF,tr Başakşehir,25,1995,5.4,9,4,4,4,1,3,9,33.3,6,112,37,33.0,35,58,19,6,3,0,3,3,12,2,0
Felix Kalu Nmecha,091c86e2,700000,eng ENG,MF,eng Manchester City,19,2000,0.1,1,0,0,1,0,0,0,,0,1,0,0.0,0,1,0,0,0,0,0,0,1,0,0
François Kamano,81d3318f,6500000,gn GUI,MF,ru Loko Moscow,24,1996,2.0,6,2,4,0,2,3,9,33.3,6,38,6,15.8,20,13,5,2,0,0,2,1,7,1,0
Boubacar Kamara,cc77354e,37000000,fr FRA,MF,fr Marseille,20,1999,4.3,10,7,6,2,2,4,8,50.0,4,74,28,37.8,22,40,12,6,2,0,4,5,15,6,0
Ruslan Kambolov,768b28d0,1000000,ru RUS,MF,ru Krasnodar,30,1990,0.2,0,0,0,0,0,0,0,,0,4,2,50.0,2,2,0,1,0,0,1,0,0,3,0
Kevin Kampl,b825a650,10000000,si SVN,MF,de RB Leipzig,29,1990,4.1,4,4,2,2,0,1,9,11.1,8,84,35,41.7,28,42,14,8,1,0,7,7,11,8,0
N'Golo Kanté,b9fbae28,55000000,fr FRA,MF,eng Chelsea,29,1991,7.9,21,17,13,6,2,5,11,45.5,6,166,60,36.1,59,77,30,15,4,0,11,16,37,14,0
Emre Kaplan,0eac2f24,150000,az AZE,DF,tr Başakşehir,19,2001,0.1,1,0,1,0,0,0,1,0.0,1,3,0,0.0,3,0,0,1,0,0,1,1,2,0,0
Oleksandr Karavayev,1bd5735a,5000000,ua UKR,DF,ua Dynamo Kyiv,28,1992,2.5,2,2,1,1,0,1,1,100.0,0,17,6,35.3,11,4,2,7,0,0,7,2,4,6,0
Vyacheslav Karavayev,b0b902c8,7000000,ru RUS,DF,ru Zenit,25,1995,3.1,5,4,4,1,0,5,7,71.4,2,36,16,44.4,23,9,4,6,1,0,5,2,7,9,0
Moise Kean,3d50bcdb,35000000,it ITA,FW,fr Paris S-G,20,2000,4.9,2,0,1,1,0,1,4,25.0,3,45,17,37.8,2,19,24,4,0,0,4,2,4,5,0
Tomasz Kędziora,dc52c72f,5000000,pl POL,DF,ua Dynamo Kyiv,26,1994,6.0,10,6,4,5,1,5,10,50.0,5,47,7,14.9,25,17,5,15,0,0,15,4,14,23,0
Thilo Kehrer,51dbeea9,25000000,de GER,DF,fr Paris S-G,23,1996,0.8,1,1,1,0,0,1,1,100.0,0,14,5,35.7,6,5,3,4,1,0,3,1,2,1,0
Naby Keïta,f25c8e3a,32000000,gn GUI,MF,eng Liverpool,25,1995,1.6,3,2,2,1,0,0,4,0.0,4,36,8,22.2,8,22,6,2,0,0,2,3,6,1,0
Caoimhín Kelleher,62d7ef38,2500000,ie IRL,GK,eng Liverpool,21,1998,2.0,0,0,0,0,0,0,0,,0,1,0,0.0,1,0,0,0,0,0,0,0,0,0,0
Mikhail Kerzhakov,2fabebc0,1500000,ru RUS,GK,ru Zenit,33,1987,6.0,0,0,0,0,0,0,0,,0,1,0,0.0,1,0,0,0,0,0,0,0,0,0,0
Ihor Kharatin,14e8fe86,2200000,ua UKR,MF,hu Ferencváros,25,1995,3.6,6,5,3,2,1,1,5,20.0,4,32,17,53.1,12,18,2,9,5,0,4,1,7,2,0
Davit Khocholava,862fa9fb,3000000,ge GEO,DF,ua Shakhtar,27,1993,3.3,0,0,0,0,0,0,3,0.0,3,25,9,36.0,21,4,0,8,4,0,4,2,2,31,0
Joshua Kimmich,49296448,90000000,de GER,MF,de Bayern Munich,25,1995,6.8,12,8,5,6,1,4,23,17.4,19,166,47,28.3,34,89,43,10,1,0,9,16,28,8,0
Presnel Kimpembe,aef6e670,40000000,fr FRA,DF,fr Paris S-G,24,1995,10.9,14,7,10,4,0,4,14,28.6,10,92,31,33.7,60,28,4,10,5,0,5,9,23,33,1
Davy Klaassen,15fd5593,17000000,nl NED,MF,nl Ajax,27,1993,5.0,11,4,6,5,0,5,8,62.5,3,51,20,39.2,11,30,10,7,0,0,7,5,16,12,0
Sean Klaiber,f4ceb85b,4500000,sr SUR,DF,nl Ajax,26,1994,0.6,2,1,1,0,1,0,1,0.0,1,12,5,41.7,2,5,5,3,0,0,3,0,2,1,0
Lukas Klostermann,ca8033cb,27000000,de GER,DF,de RB Leipzig,24,1996,2.0,2,2,1,1,0,1,3,33.3,2,32,13,40.6,14,17,1,1,0,0,1,4,6,11,0
Justin Kluivert,4c3a6744,14000000,nl NED,FWMF,de RB Leipzig,21,1999,1.7,3,2,0,2,1,0,4,0.0,4,33,13,39.4,9,11,13,3,0,0,3,0,3,1,0
Ansgar Knauff,19a967ab,3000000,de GER,FW,de Dortmund,18,2002,1.5,4,2,1,3,0,2,4,50.0,2,41,6,14.6,18,16,7,2,0,0,2,1,5,2,0
Sekou Koita,6747869d,12500000,ml MLI,FW,at RB Salzburg,20,1999,4.5,4,3,0,4,0,0,4,0.0,4,74,14,18.9,7,27,40,5,1,0,4,2,6,1,0
Koka,9fc2531b,4000000,eg EGY,FW,gr Olympiacos,27,1993,0.3,0,0,0,0,0,0,2,0.0,2,4,0,0.0,1,1,2,0,0,0,0,0,0,0,0
Koke,55126f3b,60000000,es ESP,MF,es Atlético Madrid,28,1992,7.4,15,8,5,5,5,4,23,17.4,19,148,46,31.1,43,82,23,21,3,0,18,8,23,2,0
Aleksandar Kolarov,eda40760,1500000,rs SRB,DF,it Inter,34,1985,1.0,0,0,0,0,0,0,0,,0,6,2,33.3,3,2,1,2,2,0,0,0,0,1,0
Ibrahima Konaté,5ed9b537,35000000,fr FRA,DF,de RB Leipzig,21,1999,5.3,11,7,6,5,0,1,6,16.7,5,41,15,36.6,26,13,2,10,6,0,4,5,16,18,1
Viktor Korniienko,f38cc3b3,2000000,ua UKR,DF,ua Shakhtar,21,1999,3.0,1,1,1,0,0,1,2,50.0,1,18,5,27.8,12,4,2,6,2,0,4,0,1,6,0
Odilon Kossonou,1f3afdcb,13000000,ci CIV,DF,be Club Brugge,19,2001,5.0,11,6,7,4,0,6,8,75.0,2,45,14,31.1,31,13,1,13,6,0,7,9,20,10,0
Billy Koumetio,866c67e9,500000,fr FRA,DF,eng Liverpool,17,2002,0.5,1,0,1,0,0,1,2,50.0,1,5,2,40.0,3,2,0,2,0,0,2,0,1,8,1
Jules Koundé,4d1666ff,60000000,fr FRA,DF,es Sevilla,21,1998,5.7,4,3,4,0,0,1,2,50.0,1,44,22,50.0,22,16,6,12,6,0,6,7,11,23,0
Adnan Kovačević,b79d8e93,800000,ba BIH,DF,hu Ferencváros,26,1993,1.9,6,3,5,0,1,3,5,60.0,2,18,5,27.8,16,1,1,1,1,0,0,2,8,9,0
Mateo Kovačić,79c0821a,45000000,hr CRO,MF,eng Chelsea,26,1994,6.7,14,10,6,8,0,6,16,37.5,10,98,36,36.7,33,48,17,10,0,0,10,6,20,8,1
Viktor Kovalenko,9d60028d,5000000,ua UKR,MF,ua Shakhtar,24,1996,2.4,2,2,1,1,0,1,2,50.0,1,19,7,36.8,4,9,6,1,0,0,1,0,2,3,0
Bozhidar Kraev,8690eef7,1300000,bg BUL,MFFW,dk Midtjylland,23,1997,0.6,0,0,0,0,0,0,1,0.0,1,16,6,37.5,1,11,4,2,0,0,2,0,0,1,0
Christoph Kramer,496aeede,7000000,de GER,MF,de M'Gladbach,29,1991,6.9,9,6,4,5,0,5,28,17.9,23,117,26,22.2,42,59,16,18,4,0,14,13,22,6,0
Michal Krmenčík,43cd8b69,4000000,cz CZE,FW,be Club Brugge,27,1993,0.8,1,0,0,0,1,0,0,,0,15,1,6.7,0,6,9,1,0,0,1,0,1,2,0
Toni Kroos,6ce1f46f,40000000,de GER,MF,es Real Madrid,30,1990,10.7,19,12,10,8,1,8,29,27.6,21,199,51,25.6,51,111,37,17,2,0,15,13,32,3,0
Danil Krugovoy,a802405e,1500000,ru RUS,DF,ru Zenit,22,1998,1.8,0,0,0,0,0,0,6,0.0,6,14,3,21.4,6,6,2,6,0,0,6,5,5,3,0
Grzegorz Krychowiak,580d52dd,15000000,pl POL,MF,ru Loko Moscow,30,1990,4.0,4,3,3,1,0,1,6,16.7,5,53,16,30.2,28,18,7,5,1,0,4,4,8,6,0
Serhiy Kryvtsov,292a652a,4000000,ua UKR,DF,ua Shakhtar,29,1991,1.0,2,2,2,0,0,1,1,100.0,0,16,6,37.5,8,8,0,1,0,0,1,1,3,0,0
Daniil Kulikov,c01f247a,2500000,ru RUS,MF,ru Loko Moscow,22,1998,4.0,13,5,7,4,2,6,18,33.3,12,98,30,30.6,63,30,5,11,3,0,8,10,23,7,0
Dejan Kulusevski,df3cda47,40000000,se SWE,FWMF,it Juventus,20,2000,3.0,6,4,4,2,0,0,7,0.0,7,56,15,26.8,12,24,20,5,1,0,4,3,9,0,0
Layvin Kurzawa,41e7ef1c,12000000,fr FRA,DF,fr Paris S-G,27,1992,4.2,12,8,7,3,2,7,13,53.8,6,53,14,26.4,22,21,10,9,0,0,9,4,16,12,0
Daler Kuzyaev,d4e93bab,8000000,ru RUS,MFFW,ru Zenit,27,1993,4.9,12,10,8,3,1,2,9,22.2,7,95,34,35.8,25,48,22,7,1,0,6,2,14,4,0
Zakaria Labyad,ebc56869,4000000,ma MAR,MFFW,nl Ajax,27,1993,2.0,2,2,0,2,0,0,2,0.0,2,25,10,40.0,3,12,10,0,0,0,0,0,2,0,0
Aïssa Laïdouni,22798128,2000000,tn TUN,MF,hu Ferencváros,23,1996,2.5,8,5,5,3,0,3,6,50.0,3,58,16,27.6,22,35,1,3,1,0,2,2,10,1,0
Stefan Lainer,4aea5077,12500000,at AUT,DF,de M'Gladbach,27,1992,7.6,25,14,12,9,4,14,21,66.7,7,145,33,22.8,52,75,18,17,3,0,14,11,36,24,0
Sam Lammers,c283ddef,6000000,nl NED,FW,it Atalanta,23,1997,0.1,0,0,0,0,0,0,0,,0,2,0,0.0,0,0,2,0,0,0,0,0,0,0,0
Michael Lang,864db10a,800000,ch SUI,DF,de M'Gladbach,29,1991,0.1,0,0,0,0,0,0,0,,0,1,0,0.0,0,1,0,0,0,0,0,1,1,0,0
Noa Lang,8e034340,22000000,nl NED,FWMF,be Club Brugge,21,1999,3.3,4,0,0,3,1,0,2,0.0,2,39,4,10.3,9,20,10,3,0,0,3,3,7,2,0
Aymeric Laporte,119b9a8e,45000000,es ESP,DF,eng Manchester City,26,1994,3.1,2,1,2,0,0,1,2,50.0,1,13,3,23.1,4,7,2,1,1,0,0,2,4,9,1
Valentino Lazaro,016ff750,10000000,at AUT,FWDF,de M'Gladbach,24,1996,2.7,6,4,3,3,0,2,4,50.0,2,42,10,23.8,15,20,7,7,1,0,6,2,8,2,0
Manuel Lazzari,02caf6e0,21000000,it ITA,DF,it Lazio,26,1993,3.6,5,2,0,4,1,2,5,40.0,3,29,9,31.0,8,14,7,3,0,0,3,2,7,1,0
James Lea Siliki,7cf431a5,4000000,cm CMR,MFFW,fr Rennes,24,1996,2.4,3,2,2,1,0,2,5,40.0,3,37,11,29.7,13,17,7,3,0,0,3,2,5,3,0
Diogo Leite,c4987edc,10000000,pt POR,DF,pt Porto,21,1999,2.0,4,3,3,1,0,1,1,100.0,0,11,4,36.4,7,3,1,4,3,0,1,4,8,8,0
Lucas Leiva,4c78b5ed,3500000,br BRA,MF,it Lazio,33,1987,3.9,9,6,6,3,0,0,10,0.0,10,58,19,32.8,37,20,1,5,0,0,5,8,17,7,0
Thomas Lemar,4dbd0916,25000000,fr FRA,MFDF,es Atlético Madrid,24,1995,2.1,5,2,2,3,0,4,7,57.1,3,55,16,29.1,16,22,17,6,0,0,6,1,6,1,0
Clément Lenglet,4f28a6ff,25000000,fr FRA,DF,es Barcelona,25,1995,6.2,6,5,2,3,1,1,8,12.5,7,51,20,39.2,25,22,4,1,0,0,1,6,12,13,0
Robert Lewandowski,8d78e732,60000000,pl POL,FW,de Bayern Munich,31,1988,5.7,2,2,1,0,1,1,4,25.0,3,63,21,33.3,3,20,40,2,1,0,1,1,3,2,0
Bohdan Liedniev,b1dae700,2000000,ua UKR,MFFW,ua Dynamo Kyiv,22,1998,0.4,1,1,0,1,0,1,3,33.3,2,11,3,27.3,3,6,2,1,0,0,1,0,1,0,0
Matthijs de Ligt,d6e53a3a,75000000,nl NED,DF,it Juventus,20,1999,4.5,8,4,4,4,0,4,5,80.0,1,33,11,33.3,16,15,2,9,6,0,3,1,9,19,0
Victor Lindelöf,f5deef4c,24000000,se SWE,DF,eng Manchester Utd,26,1994,4.4,3,1,3,0,0,2,3,66.7,1,29,10,34.5,14,15,0,7,4,0,3,2,5,18,0
Vitaly Lisakovich,49b45985,1500000,by BLR,MF,ru Loko Moscow,22,1998,0.8,0,0,0,0,0,0,1,0.0,1,15,6,40.0,4,6,5,0,0,0,0,1,1,1,0
Marcos Llorente,02c15616,80000000,es ESP,MFDF,es Atlético Madrid,25,1995,7.3,23,16,9,8,6,12,22,54.5,10,140,57,40.7,35,65,40,10,0,0,10,11,34,11,0
Renan Lodi,ed9f7cfe,25000000,br BRA,DF,es Atlético Madrid,22,1998,4.2,13,12,7,4,2,3,7,42.9,4,69,30,43.5,29,25,15,12,1,0,11,9,22,8,0
Dejan Lovren,1a2935f6,10000000,hr CRO,DF,ru Zenit,31,1989,4.3,1,1,0,1,0,0,4,0.0,4,30,10,33.3,18,11,1,9,1,0,8,4,5,28,0
Gergő Lovrencsics,0176f037,650000,hu HUN,DF,hu Ferencváros,31,1988,4.1,9,7,6,3,0,7,17,41.2,10,54,15,27.8,19,27,8,11,0,0,11,5,14,10,2
José Luis Palomino,921f6058,10000000,ar ARG,DF,it Atalanta,30,1990,2.3,9,4,5,3,1,5,8,62.5,3,39,14,35.9,17,19,3,4,2,0,2,7,16,9,0
Zé Luís,520c318f,5000000,cv CPV,FW,ru Loko Moscow,29,1991,4.2,2,2,2,0,0,0,4,0.0,4,47,11,23.4,10,23,14,4,0,0,4,2,4,7,0
Romelu Lukaku,5eae500a,100000000,be BEL,FW,it Inter,27,1993,4.9,0,0,0,0,0,0,1,0.0,1,23,7,30.4,3,8,12,1,1,0,0,0,0,5,0
Senad Lulić,7fd58fe3,1000000,ba BIH,DF,it Lazio,34,1986,1.2,1,1,0,1,0,0,5,0.0,5,18,4,22.2,7,9,2,1,0,0,1,3,4,1,0
Vitali Lystsov,22aba139,500000,ru RUS,DF,ru Loko Moscow,25,1995,0.5,4,1,3,1,0,1,3,33.3,2,9,5,55.6,9,0,0,1,1,0,0,0,4,2,0
Yann M'Vila,d4133fa1,5000000,fr FRA,MF,gr Olympiacos,30,1990,5.9,7,4,3,4,0,4,16,25.0,12,76,21,27.6,26,45,5,11,1,0,10,5,12,6,0
Awer Mabil,922da988,2500000,au AUS,FWMF,dk Midtjylland,24,1995,5.0,4,3,2,2,0,3,10,30.0,7,60,18,30.0,20,27,13,7,0,0,7,1,5,2,0
Nicolas Madsen,6d7e4b06,600000,dk DEN,MFFW,dk Midtjylland,20,2000,1.0,4,3,1,3,0,1,1,100.0,0,16,7,43.8,4,11,1,3,1,0,2,1,5,2,0
Stanislav Magkeev,b088363d,1500000,ru RUS,MF,ru Loko Moscow,21,1999,2.2,4,2,3,1,0,1,6,16.7,5,31,10,32.3,24,5,2,2,1,0,1,4,8,4,0
Harry Maguire,d8931174,45000000,eng ENG,DF,eng Manchester Utd,27,1993,5.0,6,4,4,1,1,3,8,37.5,5,39,16,41.0,17,17,5,8,5,0,3,4,10,14,0
Riyad Mahrez,892d5bb1,42000000,dz ALG,FWMF,eng Manchester City,29,1991,9.0,16,10,2,7,7,4,19,21.1,15,168,43,25.6,24,69,75,8,2,0,6,6,22,4,0
Róbert Mak,73fc8cc3,1200000,sk SVK,FWMF,hu Ferencváros,29,1991,1.0,2,1,1,0,1,1,2,50.0,1,11,4,36.4,1,3,7,1,0,0,1,0,2,1,0
Malcom,6853490f,22000000,br BRA,FWMF,ru Zenit,23,1997,2.7,0,0,0,0,0,0,2,0.0,2,39,6,15.4,8,21,10,2,0,0,2,0,0,0,0
Ruslan Malinovskyi,48d5bd33,30000000,ua UKR,MF,it Atalanta,27,1993,1.5,4,3,1,2,1,2,6,33.3,4,42,9,21.4,7,24,11,2,0,0,2,3,7,0,0
Wilson Manafá,e27fdbca,7000000,pt POR,DF,pt Porto,26,1994,8.3,15,6,7,7,1,5,13,38.5,8,102,28,27.5,48,43,11,21,2,0,19,9,24,22,0
Steve Mandanda,1d2d5cc8,2000000,fr FRA,GK,fr Marseille,35,1985,6.0,0,0,0,0,0,0,0,,0,0,0,,0,0,0,0,0,0,0,0,0,0,0
Sadio Mané,c691bfe2,85000000,sn SEN,FW,eng Liverpool,28,1992,7.9,8,5,4,1,3,2,7,28.6,5,120,37,30.8,17,45,58,7,0,0,7,5,13,2,0
Faitout Maouassa,e54a9890,12000000,fr FRA,DF,fr Rennes,22,1998,0.9,2,1,1,1,0,1,2,50.0,1,15,4,26.7,4,10,1,3,0,0,3,0,2,2,0
Marcelo,603116a7,7500000,br BRA,DF,es Real Madrid,32,1988,1.8,5,4,0,3,2,4,4,100.0,0,34,10,29.4,10,12,12,2,0,0,2,0,5,1,0
Agustín Marchesín,853b7c48,9000000,ar ARG,GK,pt Porto,32,1988,9.3,0,0,0,0,0,0,1,0.0,1,2,0,0.0,2,0,0,0,0,0,0,0,0,1,0
Moussa Marega,05a84d52,10000000,ml MLI,FW,pt Porto,29,1991,8.2,10,8,3,5,2,3,5,60.0,2,123,36,29.3,19,64,40,10,1,0,9,2,12,13,0
José María Giménez,f0da930c,60000000,uy URU,DF,es Atlético Madrid,25,1995,3.7,7,5,6,1,0,3,5,60.0,2,28,5,17.9,19,8,1,5,1,0,4,2,9,21,0
Mariano,5c4dc0ff,10000000,do DOM,FW,es Real Madrid,26,1993,1.2,0,0,0,0,0,0,1,0.0,1,13,3,23.1,0,5,8,1,0,0,1,0,0,0,0
Guilherme Marinato,a3b0ed18,1000000,ru RUS,GK,ru Loko Moscow,34,1985,6.0,0,0,0,0,0,0,0,,0,3,1,33.3,3,0,0,0,0,0,0,0,0,0,0
João Mário Lopes,82a39b66,4000000,pt POR,FWMF,pt Porto,20,2000,0.9,2,2,1,0,1,1,2,50.0,1,18,1,5.6,1,7,10,2,0,0,2,3,5,0,0
Yevgeni Markov,c864997f,700000,ru RUS,FW,ru Krasnodar,26,1994,0.0,0,0,0,0,0,0,0,,0,1,1,100.0,0,1,0,0,0,0,0,0,0,0,0
Marlos,9139bb12,5000000,ua UKR,MF,ua Shakhtar,32,1988,4.7,8,6,5,3,0,4,8,50.0,4,76,23,30.3,34,36,6,2,1,0,1,0,8,3,1
Marquinhos,d5f2f82b,75000000,br BRA,DFMF,fr Paris S-G,26,1994,9.1,18,11,10,7,1,8,14,57.1,6,97,35,36.1,35,52,10,27,10,0,17,14,32,35,0
Anthony Martial,8b788c01,45000000,fr FRA,FW,eng Manchester Utd,24,1995,4.7,2,1,0,1,1,0,1,0.0,1,57,18,31.6,8,25,24,3,0,0,3,3,5,3,0
Jonas Martin,468fdbad,2500000,fr FRA,MF,fr Rennes,30,1990,1.0,1,1,1,0,0,0,2,0.0,2,23,6,26.1,6,15,2,2,0,0,2,0,1,1,0
Javi Martínez,7f97771d,5000000,es ESP,MF,de Bayern Munich,31,1988,2.1,3,2,2,1,0,1,2,50.0,1,34,10,29.4,13,19,2,6,2,0,4,3,6,6,0
Lautaro Martínez,f7036e1c,80000000,ar ARG,FW,it Inter,22,1997,4.5,1,0,0,0,1,0,3,0.0,3,60,17,28.3,5,24,31,6,0,0,6,4,5,1,0
Lisandro Martínez,bac46a10,23000000,ar ARG,DF,nl Ajax,22,1998,3.3,8,5,7,1,0,5,8,62.5,3,48,23,47.9,22,23,3,3,2,0,1,7,15,25,1
Toni Martínez,f3945e07,6000000,es ESP,FW,pt Porto,23,1997,1.1,0,0,0,0,0,0,1,0.0,1,22,4,18.2,6,8,8,2,0,0,2,3,3,7,0
Alyaksandr Martynovich,675b0427,1200000,by BLR,DF,ru Krasnodar,32,1987,5.0,7,2,3,3,1,2,3,66.7,1,25,11,44.0,12,11,2,10,6,0,4,9,16,24,0
Adam Marušić,d4535821,10000000,me MNE,DF,it Lazio,27,1992,8.0,12,8,8,4,0,5,9,55.6,4,60,18,30.0,37,17,6,11,0,0,11,13,25,17,0
Giorgos Masouras,9d689a5b,6000000,gr GRE,MFFW,gr Olympiacos,26,1994,3.2,10,8,1,8,1,3,8,37.5,5,75,15,20.0,20,40,15,6,0,0,6,4,14,3,0
Clinton Mata,55abe554,10000000,ao ANG,DF,be Club Brugge,27,1992,5.9,11,8,7,4,0,6,8,75.0,2,72,22,30.6,38,30,4,7,3,0,4,12,23,7,0
Juan Mata,29733c72,4000000,es ESP,FW,eng Manchester Utd,32,1988,0.7,0,0,0,0,0,0,1,0.0,1,6,3,50.0,0,3,3,0,0,0,0,0,0,0,1
Nemanja Matić,eb7822d7,8000000,rs SRB,MFDF,eng Manchester Utd,31,1988,2.5,5,5,1,4,0,2,3,66.7,1,33,11,33.3,10,19,4,2,1,0,1,6,11,4,0
Joël Matip,b217ef29,18000000,cm CMR,DF,eng Liverpool,28,1991,1.9,4,3,2,2,0,3,4,75.0,1,18,8,44.4,8,7,3,1,0,0,1,2,6,7,0
Mykola Matviyenko,1adcf39e,11000000,ua UKR,DF,ua Shakhtar,24,1996,3.3,9,6,7,2,0,2,8,25.0,6,38,11,28.9,20,14,4,5,1,0,4,7,16,14,1
Eric Maxim Choupo-Moting,0e6bc38c,3500000,cm CMR,FW,de Bayern Munich,31,1989,4.3,5,3,2,1,2,0,0,,0,73,21,28.8,6,24,43,4,1,0,3,0,5,1,0
Maycon,005ca692,7000000,br BRA,MF,ua Shakhtar,23,1997,4.1,2,1,1,0,1,0,1,0.0,1,42,13,31.0,21,17,4,5,0,0,5,4,6,10,0
Noussair Mazraoui,b74277a0,17000000,ma MAR,DF,nl Ajax,22,1997,5.3,21,14,12,7,2,5,14,35.7,9,98,31,31.6,50,37,11,19,4,1,15,7,28,19,0
Kylian Mbappé,42fd9c7f,160000000,fr FRA,FW,fr Paris S-G,21,1998,10.0,2,1,1,1,0,0,6,0.0,6,95,25,26.3,15,39,41,1,0,0,1,4,6,4,0
Chancel Mbemba,e76cb9cc,16000000,cd COD,DF,pt Porto,25,1994,10.3,14,8,13,1,0,4,5,80.0,1,52,21,40.4,35,17,0,19,14,1,5,9,23,68,1
Weston McKennie,01c3aff5,25000000,us USA,MF,it Juventus,21,1998,4.5,11,10,6,4,1,4,11,36.4,7,104,25,24.0,30,47,27,8,2,0,6,2,13,4,0
Scott McTominay,d93c2511,35000000,sct SCO,MF,eng Manchester Utd,23,1996,3.8,11,6,3,7,1,3,11,27.3,8,79,27,34.2,24,48,7,6,0,0,6,3,14,6,0
Brandon Mechele,0a6dbbf7,7000000,be BEL,DF,be Club Brugge,27,1993,2.0,6,3,5,1,0,2,4,50.0,2,23,8,34.8,15,8,0,2,0,0,2,2,8,14,0
Arthur Melo,48b3dd60,40000000,br BRA,MF,it Juventus,23,1996,3.7,5,5,3,1,1,3,9,33.3,6,53,18,34.0,18,29,6,1,0,0,1,1,6,3,0
Benjamin Mendy,5271c8f1,20000000,fr FRA,DF,eng Manchester City,26,1994,0.9,2,1,0,0,2,2,3,66.7,1,5,2,40.0,1,0,4,1,0,0,1,3,5,1,0
Edouard Mendy,33887998,25000000,sn SEN,GK,eng Chelsea,28,1992,12.0,0,0,0,0,0,0,0,,0,1,0,0.0,1,0,0,0,0,0,0,0,0,0,2
Ferland Mendy,3cefcaef,50000000,fr FRA,DF,es Real Madrid,25,1995,10.7,13,7,7,4,2,4,17,23.5,13,115,37,32.2,47,37,31,18,1,0,17,12,25,16,2
Lionel Messi,d70ce98e,80000000,ar ARG,FWMF,es Barcelona,33,1987,6.0,6,6,0,2,4,2,6,33.3,4,62,19,30.6,1,26,35,1,0,0,1,2,8,0,0
Thomas Meunier,e162b013,12000000,be BEL,DF,de Dortmund,28,1991,3.9,10,6,6,2,2,4,8,50.0,4,50,20,40.0,21,10,19,5,1,0,4,0,10,3,1
Simon Mignolet,d436eb94,8000000,be BEL,GK,be Club Brugge,32,1988,5.0,0,0,0,0,0,0,0,,0,0,0,,0,0,0,0,0,0,0,0,0,0,0
Sergej Milinković-Savić,4e6dbac4,70000000,rs SRB,MF,it Lazio,25,1995,6.5,12,10,7,5,0,2,14,14.3,12,92,28,30.4,40,37,15,17,3,0,14,11,23,11,0
Éder Militão,2784f898,40000000,br BRA,DF,es Real Madrid,22,1998,5.3,24,14,14,8,2,11,19,57.9,8,79,35,44.3,42,28,9,14,6,0,8,8,32,24,0
James Milner,2f90f6b8,3000000,eng ENG,MF,eng Liverpool,34,1986,4.0,13,11,3,8,2,3,15,20.0,12,75,31,41.3,19,43,13,8,0,0,8,9,22,3,0
Takumi Minamino,f833a830,12000000,jp JPN,MFFW,eng Liverpool,25,1995,2.1,2,0,0,1,1,2,10,20.0,8,61,19,31.1,6,44,11,3,0,0,3,0,2,2,0
Óscar Mingueza,056269d7,15000000,es ESP,DF,es Barcelona,21,1999,2.7,6,3,4,2,0,3,3,100.0,0,41,12,29.3,22,16,3,6,3,0,3,8,14,2,0
Aleksei Miranchuk,a9aa0d1d,15000000,ru RUS,FWMF,it Atalanta,24,1995,0.3,0,0,0,0,0,0,1,0.0,1,4,2,50.0,0,1,3,0,0,0,0,2,2,0,0
Anton Miranchuk,807e869a,12000000,ru RUS,MF,ru Loko Moscow,24,1995,5.1,3,2,1,2,0,1,6,16.7,5,65,13,20.0,21,32,12,6,0,0,6,4,7,3,0
Luka Modrić,6025fab1,10000000,hr CRO,MF,es Real Madrid,34,1985,10.1,16,10,10,6,0,7,25,28.0,18,150,38,25.3,53,68,29,6,2,0,4,15,31,3,0
Kudus Mohammed,b62878a5,15000000,gh GHA,FW,nl Ajax,19,2000,0.1,1,0,0,0,1,0,1,0.0,1,2,1,50.0,0,0,2,0,0,0,0,0,1,0,0
Johan Mojica,608f2092,2000000,co COL,DF,it Atalanta,27,1992,1.1,3,2,3,0,0,0,0,,0,18,8,44.4,9,6,3,1,0,0,1,0,3,0,0
Júnior Moraes,c43e5e7e,2000000,ua UKR,FW,ua Shakhtar,33,1987,1.8,1,1,0,0,1,0,1,0.0,1,30,6,20.0,3,11,16,1,0,0,1,2,3,0,0
Álvaro Morata,129af0db,45000000,es ESP,FW,it Juventus,27,1992,6.6,6,4,0,5,1,1,5,20.0,4,95,25,26.3,15,40,40,7,2,0,5,6,12,2,0
Mateu Morey,5fd5e542,7000000,es ESP,DF,de Dortmund,20,2000,5.0,10,6,6,3,1,6,17,35.3,11,81,23,28.4,39,30,12,10,1,0,9,21,31,16,1
Ilaix Moriba,f4c69aa6,25000000,gn GUI,MF,es Barcelona,17,2003,0.1,1,1,0,1,0,0,0,,0,5,3,60.0,2,2,1,0,0,0,0,1,2,1,0
Andrei Mostovoy,dfb50e5c,3000000,ru RUS,FWDF,ru Zenit,22,1997,2.2,1,1,0,0,1,0,1,0.0,1,16,3,18.8,4,8,4,3,0,0,3,1,2,0,0
Youssoufa Moukoko,6ce43701,18000000,de GER,FW,de Dortmund,15,2004,0.4,0,0,0,0,0,0,0,,0,4,3,75.0,0,1,3,1,0,0,1,0,0,0,0
Mason Mount,9674002f,75000000,eng ENG,MFFW,eng Chelsea,21,1999,8.4,19,10,7,11,1,5,15,33.3,10,194,55,28.4,36,114,44,11,0,0,11,6,25,0,0
Maksim Mukhin,90463dba,2500000,ru RUS,MF,ru Loko Moscow,18,2001,0.5,5,4,1,4,0,2,2,100.0,0,12,5,41.7,3,9,0,0,0,0,0,1,6,0,0
Nordi Mukiele,ac73ec79,25000000,fr FRA,DF,de RB Leipzig,22,1997,6.1,23,14,14,8,1,11,17,64.7,6,111,37,33.3,47,54,10,15,0,0,15,13,36,18,0
Thomas Müller,3c6089ab,30000000,de GER,MFFW,de Bayern Munich,30,1989,7.0,6,3,4,1,1,2,17,11.8,15,163,53,32.5,20,77,66,9,2,0,7,5,11,4,0
Luis Muriel,eb2fe5b6,30000000,co COL,FW,it Atalanta,29,1991,3.9,7,1,1,2,4,1,6,16.7,5,87,27,31.0,6,38,43,4,0,0,4,1,8,0,0
Vedat Muriqi,0cadc46d,9000000,xk KVX,FW,it Lazio,26,1994,2.0,2,1,1,1,0,1,3,33.3,2,23,6,26.1,3,15,5,3,1,0,2,2,4,1,0
Mateo Musacchio,91899ca8,2000000,ar ARG,DF,it Lazio,29,1990,0.3,1,0,1,0,0,0,0,,0,7,3,42.9,6,1,0,0,0,0,0,0,1,0,1
Leon Musayev,dca7b0fb,800000,ru RUS,DFMF,ru Zenit,21,1999,0.6,6,2,5,1,0,2,2,100.0,0,17,3,17.6,5,9,3,0,0,0,0,1,7,1,0
Jamal Musiala,2c0558b8,38000000,de GER,MF,de Bayern Munich,17,2003,2.6,7,6,4,1,2,2,11,18.2,9,77,24,31.2,16,39,22,3,0,0,3,3,10,0,0
Enock Mwepu,1d5cab82,13000000,zm ZAM,MFFW,at RB Salzburg,22,1998,5.8,16,13,5,9,2,4,21,19.0,17,166,53,31.9,40,106,20,15,0,0,15,5,21,8,0
Vitaliy Mykolenko,30d4a2e5,17000000,ua UKR,DF,ua Dynamo Kyiv,21,1999,3.9,6,6,3,3,0,5,6,83.3,1,25,4,16.0,11,11,3,7,2,0,5,10,16,7,0
Joakim Mæhle,c459a650,13000000,dk DEN,DFMF,it Atalanta,23,1997,1.9,8,5,5,3,0,6,8,75.0,2,34,6,17.6,12,16,6,5,2,0,3,4,12,0,0
Nacho,2946f9a1,10000000,es ESP,DF,es Real Madrid,30,1990,8.0,20,11,12,7,1,11,21,52.4,10,131,41,31.3,68,54,9,8,1,0,7,11,31,21,0
Yuto Nagatomo,4b6960d2,800000,jp JPN,DFMF,fr Marseille,33,1986,1.1,1,0,1,0,0,0,0,,0,7,3,42.9,4,2,1,2,1,0,1,0,1,1,0
Radja Nainggolan,1f9328da,5000000,be BEL,MF,it Inter,32,1988,0.0,0,0,0,0,0,0,0,,0,1,0,0.0,0,0,1,0,0,0,0,0,0,0,0
Shoya Nakajima,be60b6f4,3500000,jp JPN,FWMF,pt Porto,25,1994,0.8,0,0,0,0,0,0,2,0.0,2,30,3,10.0,8,16,6,1,0,0,1,0,0,0,0
Jesús Navas,3f10bd22,3000000,es ESP,DF,es Sevilla,34,1985,5.1,5,4,3,1,1,3,5,60.0,2,29,5,17.2,12,11,6,4,0,0,4,4,9,5,0
Keylor Navas,ecada4fc,12000000,cr CRC,GK,fr Paris S-G,33,1986,12.0,0,0,0,0,0,0,1,0.0,1,1,0,0.0,1,0,0,0,0,0,0,0,0,0,2
Loum Ndiaye,bcfc4473,2500000,sn SEN,MF,pt Porto,23,1996,0.1,1,1,1,0,0,0,0,,0,7,2,28.6,6,1,0,0,0,0,0,0,1,0,0
David Neres,4f1e6a0b,27000000,br BRA,FW,nl Ajax,23,1997,3.4,8,5,1,4,3,2,3,66.7,1,55,20,36.4,8,26,21,5,0,0,5,1,9,0,0
Ruslan Neshcheret,0880e10b,1000000,ua UKR,GK,ua Dynamo Kyiv,18,2002,1.0,0,0,0,0,0,0,0,,0,0,0,,0,0,0,0,0,0,0,0,0,0,0
Neto,a9dc785c,6000000,br BRA,GK,es Barcelona,31,1989,3.0,0,0,0,0,0,0,0,,0,0,0,,0,0,0,0,0,0,0,0,0,0,0
Manuel Neuer,8778c910,18000000,de GER,GK,de Bayern Munich,34,1986,8.0,0,0,0,0,0,0,1,0.0,1,0,0,,0,0,0,0,0,0,0,0,0,1,0
Florian Neuhaus,36a59ba4,35000000,de GER,MF,de M'Gladbach,23,1997,7.8,21,17,12,6,3,13,24,54.2,11,104,38,36.5,38,51,15,15,3,0,12,10,31,6,0
Neymar,69384e5d,100000000,br BRA,FWMF,fr Paris S-G,28,1992,8.3,9,8,3,5,1,1,14,7.1,13,138,33,23.9,30,66,42,7,2,0,5,3,12,0,0
Tokmac Nguen,36a79857,2800000,no NOR,FWMF,hu Ferencváros,26,1993,5.1,1,1,0,1,0,0,3,0.0,3,66,16,24.2,4,26,36,3,0,0,3,0,1,0,0
M'Baye Niang,2054d037,4500000,sn SEN,FW,fr Rennes,25,1994,1.1,1,0,0,0,1,0,1,0.0,1,16,3,18.8,1,8,7,1,0,0,1,0,1,0,0
Saúl Ñíguez,c14bc029,40000000,es ESP,MF,es Atlético Madrid,25,1994,5.1,9,6,3,6,0,1,11,9.1,10,89,25,28.1,35,42,12,9,3,0,6,9,18,8,0
Rasmus Nissen,39769cff,8500000,dk DEN,DF,at RB Salzburg,23,1997,5.0,13,13,11,1,1,8,10,80.0,2,62,24,38.7,26,26,10,14,4,0,10,4,17,26,0
Christopher Nkunku,7c56da38,43000000,fr FRA,MFFW,de RB Leipzig,22,1997,6.5,18,8,4,7,7,5,15,33.3,10,146,40,27.4,29,64,53,12,0,0,12,8,26,2,0
Alexander Nübel,afb0c500,6000000,de GER,GK,de Bayern Munich,23,1996,2.0,0,0,0,0,0,0,0,,0,0,0,,0,0,0,0,0,0,0,0,0,1,0
Gerzino Nyamsi,6043997c,3500000,fr FRA,DF,fr Rennes,23,1997,2.0,4,2,2,2,0,1,1,100.0,0,10,3,30.0,6,4,0,1,0,0,1,4,8,3,0
Steven Nzonzi,c7526c18,8000000,fr FRA,MF,fr Rennes,31,1988,4.7,5,4,2,3,0,0,5,0.0,5,26,13,50.0,9,14,3,0,0,0,0,1,6,5,0
Jan Oblak,ee8508c0,70000000,si SVN,GK,es Atlético Madrid,27,1993,8.0,0,0,0,0,0,0,0,,0,0,0,,0,0,0,0,0,0,0,0,0,0,0
Lucas Ocampos,a08b974a,40000000,ar ARG,FWDF,es Sevilla,26,1994,5.0,6,5,3,3,0,2,15,13.3,13,82,26,31.7,22,29,31,16,1,0,15,5,11,4,0
Álvaro Odriozola,1d1691ad,10000000,es ESP,DF,es Real Madrid,24,1995,0.4,5,4,3,0,2,1,1,100.0,0,12,6,50.0,6,4,2,2,0,0,2,1,6,1,0
Noah Okafor,ca607d59,6500000,ch SUI,FWMF,at RB Salzburg,20,2000,0.6,2,2,0,2,0,2,2,100.0,0,13,3,23.1,3,4,6,0,0,0,0,0,2,1,0
David Okereke,d125f22f,2800000,ng NGA,MFFW,be Club Brugge,22,1997,0.3,0,0,0,0,0,0,3,0.0,3,7,1,14.3,1,4,2,0,0,0,0,0,0,0,0
Masaya Okugawa,63b9cc6d,2500000,jp JPN,MFFW,at RB Salzburg,24,1996,0.5,0,0,0,0,0,0,0,,0,11,2,18.2,3,5,3,0,0,0,0,1,1,0,0
Sérgio Oliveira,947e036f,19000000,pt POR,MF,pt Porto,28,1992,8.2,17,6,3,14,0,4,17,23.5,13,138,32,23.2,40,74,24,11,1,0,10,5,22,11,0
Dani Olmo,ae44e8e2,45000000,es ESP,FWMF,de RB Leipzig,22,1998,6.5,12,9,3,8,1,3,9,33.3,6,119,34,28.6,24,62,33,8,0,0,8,7,19,2,0
Kristoffer Olsson,fa73ccc7,3500000,se SWE,MFFW,ru Krasnodar,25,1995,4.5,3,3,0,3,0,0,8,0.0,8,70,18,25.7,21,40,9,7,3,0,4,4,7,5,0
André Onana,e9c0c1b2,30000000,cm CMR,GK,nl Ajax,24,1996,6.0,0,0,0,0,0,0,0,,0,0,0,,0,0,0,0,0,0,0,0,0,0,0
Jérôme Onguéné,e81f0356,3500000,cm CMR,DF,at RB Salzburg,22,1997,0.5,1,1,0,1,0,0,1,0.0,1,7,3,42.9,4,3,0,3,0,0,3,0,1,7,0
Frank Onyeka,2944f86f,6000000,ng NGA,MF,dk Midtjylland,22,1998,5.6,23,15,12,10,1,6,17,35.3,11,124,44,35.5,43,62,19,10,2,0,8,12,35,7,0
Willi Orban,20030c06,16000000,hu HUN,DF,de RB Leipzig,27,1992,3.6,10,7,7,3,0,4,13,30.8,9,54,17,31.5,30,23,1,8,2,0,6,2,12,20,1
Divock Origi,43a166b4,12000000,be BEL,FW,eng Liverpool,25,1995,2.3,4,2,0,2,2,2,3,66.7,1,40,11,27.5,3,18,19,2,0,0,2,0,4,4,0
Otávio,28b1f3ce,24000000,pt POR,MFFW,pt Porto,25,1995,7.8,23,15,11,9,3,9,23,39.1,14,186,43,23.1,53,91,42,17,1,0,16,2,25,4,0
Alex Oxlade-Chamberlain,38c7feef,18000000,eng ENG,MFFW,eng Liverpool,26,1993,0.3,1,1,0,0,1,0,0,,0,6,4,66.7,0,5,1,0,0,0,0,2,3,0,0
Berkay Özcan,31114001,3500000,tr TUR,MF,tr Başakşehir,22,1998,4.9,10,9,6,4,0,3,6,50.0,3,96,27,28.1,39,47,10,15,5,0,10,3,13,4,0
Magomed Ozdoyev,3ef0af0d,5000000,ru RUS,MF,ru Zenit,27,1992,3.5,12,9,3,7,2,0,4,0.0,4,64,24,37.5,20,29,15,10,2,0,8,8,20,3,0
Cole Palmer,dc7f8a28,500000,eng ENG,MF,eng Manchester City,18,2002,0.1,0,0,0,0,0,0,0,,0,3,0,0.0,1,1,1,0,0,0,0,0,0,0,0
Emerson Palmieri,e0bc6fdc,12000000,it ITA,DF,eng Chelsea,25,1994,2.4,5,3,4,1,0,2,4,50.0,2,27,2,7.4,10,14,3,5,0,0,5,3,8,6,0
Kaio Pantaleão,a9be27f2,1800000,br BRA,DF,ru Krasnodar,24,1995,5.8,9,7,7,2,0,4,11,36.4,7,63,18,28.6,40,21,2,12,6,0,6,12,21,25,1
Leandro Paredes,dff153a4,20000000,ar ARG,MF,fr Paris S-G,26,1994,7.4,15,9,5,8,2,7,32,21.9,25,114,39,34.2,39,63,12,13,3,0,10,19,34,8,0
Marco Parolo,ed5886d2,1000000,it ITA,MFDF,it Lazio,35,1985,2.7,7,3,6,1,0,3,6,50.0,3,35,11,31.4,19,14,2,7,2,0,5,7,14,10,0
Mario Pašalić,e599253a,23000000,hr CRO,MF,it Atalanta,25,1995,3.1,5,5,3,2,0,1,4,25.0,3,81,21,25.9,20,44,17,1,0,0,1,3,8,5,0
Felix Passlack,5c899683,2500000,de GER,DFFW,de Dortmund,22,1998,1.3,2,0,1,1,0,0,1,0.0,1,21,8,38.1,13,5,3,6,0,0,6,0,2,3,0
Alfonso Pastor,14e05913,250000,es ESP,GK,es Sevilla,19,2000,1.0,0,0,0,0,0,0,0,,0,0,0,,0,0,0,0,0,0,0,0,0,0,0
Patric,f7223718,6500000,es ESP,DF,it Lazio,27,1993,4.7,5,4,3,2,0,3,8,37.5,5,42,17,40.5,23,18,1,6,4,0,2,7,12,15,0
Alan Patrick,00672021,8000000,br BRA,MF,ua Shakhtar,29,1991,1.8,5,2,2,1,2,0,4,0.0,4,31,6,19.4,12,12,7,6,0,0,6,1,6,2,0
Giuliano de Paula,ab1b205d,3100000,br BRA,MFFW,tr Başakşehir,30,1990,0.9,0,0,0,0,0,0,5,0.0,5,18,5,27.8,4,11,3,2,0,0,2,3,3,0,0
Paulinho,f3fa599d,1500000,br BRA,DF,dk Midtjylland,25,1995,5.3,13,9,9,2,2,4,7,57.1,3,63,24,38.1,31,19,13,10,0,0,10,7,20,9,0
Benjamin Pavard,45a03961,35000000,fr FRA,DF,de Bayern Munich,24,1996,6.3,15,5,4,10,1,7,13,53.8,6,77,20,26.0,30,36,11,11,1,0,10,9,24,14,0
Dimitri Payet,58ae47b2,5000000,fr FRA,FWMF,fr Marseille,33,1987,3.8,4,2,1,2,1,1,3,33.3,2,39,13,33.3,5,21,13,4,0,0,4,2,6,1,0
Pedri,0d9b2d31,70000000,es ESP,MFFW,es Barcelona,17,2002,5.5,16,13,6,7,3,5,20,25.0,15,149,37,24.8,20,79,50,16,2,0,14,4,20,1,0
Timothee Pembele,f8ce97ca,4000000,fr FRA,DF,fr Paris S-G,17,2002,0.1,1,1,0,1,0,0,0,,0,4,1,25.0,1,2,1,0,0,0,0,0,1,1,0
Carlos de Pena,6b915aa1,3500000,uy URU,MFFW,ua Dynamo Kyiv,28,1992,3.6,6,5,2,3,1,1,5,20.0,4,40,10,25.0,15,15,10,10,0,0,10,6,12,6,0
Pepe,c906ce0f,1000000,pt POR,DF,pt Porto,37,1983,6.3,7,5,4,2,1,3,6,50.0,3,42,16,38.1,29,11,2,10,5,0,5,3,10,37,1
Andreas Pereira,6639e500,8000000,br BRA,FWMF,it Lazio,24,1996,1.5,5,4,1,4,0,2,4,50.0,2,35,7,20.0,6,23,6,3,0,0,3,1,6,0,0
Danilo Pereira,8fd9996f,20000000,pt POR,DFMF,fr Paris S-G,28,1991,8.7,14,9,13,0,1,5,11,45.5,6,82,25,30.5,59,22,1,19,9,0,10,12,26,44,0
Ivan Perišić,6fe90922,10000000,hr CRO,FWDF,it Inter,31,1989,2.7,2,1,0,2,0,1,7,14.3,6,43,8,18.6,7,19,17,3,0,0,3,1,3,4,0
Matteo Pessina,780e3631,20000000,it ITA,MF,it Atalanta,23,1997,5.4,8,7,5,3,0,3,8,37.5,5,57,17,29.8,17,26,14,12,4,0,8,9,17,4,0
Sergei Petrov,17145c90,3500000,ru RUS,DF,ru Krasnodar,29,1991,0.8,0,0,0,0,0,0,0,,0,3,1,33.3,0,3,0,1,0,0,1,0,0,0,0
Luca Pfeiffer,83e1f40e,500000,de GER,FWMF,dk Midtjylland,23,1996,0.2,0,0,0,0,0,0,0,,0,4,1,25.0,0,2,2,0,0,0,0,0,0,0,0
Nathaniel Phillips,515ebe8d,8000000,eng ENG,DF,eng Liverpool,23,1997,3.0,4,1,2,2,0,2,7,28.6,5,32,16,50.0,17,12,3,7,3,0,4,8,12,26,0
Andrea Pinamonti,08aa9cd1,12000000,it ITA,DF,it Inter,21,1999,0.1,0,0,0,0,0,0,1,0.0,1,3,1,33.3,0,2,1,0,0,0,0,0,0,0,0
Gerard Piqué,adfc9123,10000000,es ESP,DF,es Barcelona,33,1987,2.6,2,1,0,1,1,0,1,0.0,1,9,2,22.2,2,5,2,3,2,0,1,2,4,7,1
Łukasz Piszczek,fe2db476,22000000,pl POL,DF,de Dortmund,35,1985,2.5,2,1,1,1,0,0,2,0.0,2,23,7,30.4,12,8,3,3,1,0,2,3,5,6,0
Miralem Pjanić,ad6df2d5,750000,ba BIH,MF,es Barcelona,30,1990,5.5,7,7,4,1,2,3,10,30.0,7,82,22,26.8,27,37,18,8,0,0,8,11,18,1,0
Alassane Pléa,bc6bd723,20000000,fr FRA,FW,de M'Gladbach,27,1993,6.0,1,0,0,1,0,1,6,16.7,5,66,15,22.7,8,22,36,8,0,0,8,2,3,0,0
Paul Pogba,867239d3,60000000,fr FRA,MF,eng Manchester Utd,27,1993,2.0,2,1,0,1,1,0,1,0.0,1,36,20,55.6,12,17,7,4,0,0,4,1,3,2,0
Carlos Ponck,b1579026,900000,cv CPV,DF,tr Başakşehir,25,1995,2.1,2,1,2,0,0,1,8,12.5,7,18,5,27.8,10,7,1,2,1,0,1,10,12,9,0
Denys Popov,67f0703d,3500000,ua UKR,DF,ua Dynamo Kyiv,21,1999,4.6,5,3,4,1,0,1,3,33.3,2,23,8,34.8,14,9,0,9,4,0,5,7,12,18,0
Yussuf Poulsen,d2416c2e,21000000,dk DEN,FW,de RB Leipzig,26,1994,5.6,7,6,0,4,3,3,10,30.0,7,141,49,34.8,10,71,60,7,3,0,4,7,14,6,0
Danila Prokhin,256ac8f4,1200000,ru RUS,DF,ru Zenit,19,2001,2.0,4,3,4,0,0,2,6,33.3,4,20,8,40.0,16,4,0,3,2,0,1,3,7,12,0
Quincy Promes,b182a240,15000000,nl NED,FWDF,nl Ajax,28,1992,2.8,3,3,1,0,2,2,2,100.0,0,27,12,44.4,5,15,7,4,0,0,4,0,3,2,0
Riqui Puig,f090a37a,18000000,es ESP,MFFW,es Barcelona,20,1999,1.0,1,1,0,0,1,0,0,,0,18,6,33.3,2,9,7,1,0,0,1,3,4,0,0
Christian Pulisic,1bf33a9a,50000000,us USA,FWMF,eng Chelsea,21,1998,4.7,4,2,2,1,1,1,5,20.0,4,77,16,20.8,19,30,28,4,1,0,3,3,7,1,0
Andriy Pyatov,34c3b935,1000000,ua UKR,GK,ua Shakhtar,36,1984,1.0,0,0,0,0,0,0,0,,0,0,0,,0,0,0,0,0,0,0,0,0,0,0
Adrien Rabiot,8794e251,30000000,fr FRA,MF,it Juventus,25,1995,5.6,19,11,5,11,3,5,15,33.3,10,105,30,28.6,30,54,21,7,0,0,7,10,29,8,0
Nemanja Radonjić,0630eb63,6000000,rs SRB,FW,fr Marseille,24,1996,1.0,0,0,0,0,0,0,0,,0,10,1,10.0,2,4,4,0,0,0,0,0,0,0,0
Ștefan Radu,53de807a,2000000,ro ROU,DF,it Lazio,33,1986,1.5,1,0,0,0,1,0,0,,0,9,3,33.3,3,5,1,4,2,0,2,2,3,8,0
Rafael,9a1f2e1c,2700000,br BRA,DF,tr Başakşehir,30,1990,5.7,21,11,11,9,1,5,20,25.0,15,129,42,32.6,67,44,18,19,2,0,17,11,32,13,0
Rafinha,d003e213,15000000,br BRA,DF,gr Olympiacos,34,1985,6.0,4,2,2,1,1,1,9,11.1,8,56,12,21.4,29,20,7,4,1,0,3,4,8,5,0
Rafinha,0c2ac3cb,1000000,br BRA,MF,fr Paris S-G,27,1993,1.4,1,1,0,1,0,1,2,50.0,1,33,11,33.3,11,12,10,4,1,0,3,2,3,2,0
Slobodan Rajković,9686fc54,300000,rs SRB,DF,ru Loko Moscow,31,1989,3.0,3,1,3,0,0,0,0,,0,17,5,29.4,14,3,0,10,9,1,1,3,6,24,0
Ivan Rakitić,89f951b5,10000000,hr CRO,MF,es Sevilla,32,1988,5.1,7,2,1,4,2,2,15,13.3,13,65,20,30.8,16,36,13,6,1,0,5,6,13,11,0
Yaroslav Rakitskiy,47fd5136,6000000,ua UKR,DF,ru Zenit,30,1989,5.2,6,5,3,2,1,1,4,25.0,3,28,13,46.4,12,12,4,6,4,1,2,5,11,20,1
André Ramalho,7483d9f9,3000000,br BRA,DF,at RB Salzburg,28,1992,6.0,11,7,5,5,1,4,10,40.0,6,57,24,42.1,33,18,6,13,6,1,7,11,22,42,0
Cristian Ramírez,8a1d7b51,6000000,ec ECU,DFMF,ru Krasnodar,25,1994,5.5,10,4,6,2,2,5,9,55.6,4,41,10,24.4,20,12,9,13,3,0,10,8,18,10,1
Sergio Ramos,08511d65,10000000,es ESP,DF,es Real Madrid,34,1986,4.7,5,2,3,2,0,2,4,50.0,2,35,9,25.7,20,11,4,7,2,0,5,5,10,19,0
Aaron Ramsey,ef619b0b,14000000,wls WAL,MF,it Juventus,29,1990,4.0,5,4,3,1,1,2,7,28.6,5,49,19,38.8,19,19,11,1,0,0,1,3,8,4,0
Lazar Ranđelović,1dbfae2d,2000000,rs SRB,FWMF,gr Olympiacos,22,1997,2.6,6,3,3,3,0,3,7,42.9,4,46,8,17.4,8,21,17,2,0,0,2,2,8,1,0
Marcus Rashford,a1d5bd30,85000000,eng ENG,FW,eng Manchester Utd,22,1997,4.6,2,2,0,1,1,1,4,25.0,3,57,15,26.3,3,29,25,5,1,0,4,2,4,3,0
Pepe Reina,e358587b,800000,es ESP,GK,it Lazio,37,1982,7.0,0,0,0,0,0,0,1,0.0,1,1,0,0.0,1,0,0,0,0,0,0,0,0,0,1
Reinier,6b21b7b5,16000000,br BRA,MFFW,de Dortmund,18,2002,0.2,0,0,0,0,0,0,0,,0,5,2,40.0,0,2,3,0,0,0,0,0,0,0,0
Karim Rekik,3376a776,3000000,nl NED,DF,es Sevilla,25,1994,2.4,1,1,0,0,1,0,3,0.0,3,37,9,24.3,13,19,5,11,3,0,8,2,3,4,0
Marco Reus,36a3ff67,13000000,de GER,FWMF,de Dortmund,31,1989,7.7,12,8,6,4,2,2,8,25.0,6,143,43,30.1,36,60,47,10,2,0,8,5,17,5,0
Gio Reyna,7fa4e703,38000000,us USA,FWMF,de Dortmund,17,2002,5.1,6,4,0,5,1,2,6,33.3,4,99,22,22.2,21,48,30,6,1,0,5,5,11,3,0
Federico Ricca,54f5ce34,3000000,uy URU,DF,be Club Brugge,25,1994,3.0,6,5,3,2,1,3,7,42.9,4,48,16,33.3,19,24,5,8,4,0,4,7,13,11,0
Chris Richards,0a3d6d2b,7500000,us USA,DF,de Bayern Munich,20,2000,1.4,9,5,3,3,3,4,5,80.0,1,31,17,54.8,11,14,6,2,1,0,1,1,10,2,0
Mats Rits,733e7ad8,5500000,be BEL,MF,be Club Brugge,27,1993,3.6,3,0,1,0,2,1,4,25.0,3,52,13,25.0,14,29,9,7,1,0,6,5,8,10,0
Sergi Roberto,335fa267,18000000,es ESP,DFMF,es Barcelona,28,1992,2.0,6,6,2,2,2,2,4,50.0,2,15,8,53.3,3,6,6,1,1,0,0,1,7,3,0
Andrew Robertson,2e4f5f03,65000000,sct SCO,DF,eng Liverpool,26,1994,8.4,2,1,1,0,1,0,6,0.0,6,64,18,28.1,18,34,12,11,1,0,10,6,8,20,0
Marc Roca,da27e268,10000000,es ESP,MF,de Bayern Munich,23,1996,1.7,3,0,1,1,1,0,1,0.0,1,43,10,23.3,15,16,12,3,0,0,3,1,4,3,0
Rodri,6434f10d,70000000,es ESP,MF,eng Manchester City,24,1996,8.7,16,10,3,11,2,4,13,30.8,9,133,40,30.1,22,76,35,6,1,0,5,7,23,18,1
Gerson Rodrigues,3814b753,3000000,lu LUX,FWMF,ua Dynamo Kyiv,25,1995,2.0,4,0,2,1,1,0,5,0.0,5,25,1,4.0,10,7,8,5,0,0,5,2,6,6,0
Pedro Rodrigues,20df3aaf,3000000,pt POR,MF,gr Olympiacos,23,1997,1.4,3,1,1,2,0,1,3,33.3,2,25,3,12.0,12,11,2,5,0,0,5,1,4,2,0
Óscar Rodríguez Arnaiz,19709006,12000000,es ESP,MFFW,es Sevilla,22,1998,3.1,7,4,1,6,0,2,8,25.0,6,47,11,23.4,6,32,9,4,1,0,3,2,9,0,0
Rodrygo,8f5e92a6,35000000,br BRA,FW,es Real Madrid,19,2001,3.6,9,6,5,4,0,2,8,25.0,6,67,12,17.9,15,26,26,3,0,0,3,3,12,2,0
Cristian Romero,a3d94a58,30000000,ar ARG,DF,it Atalanta,22,1998,6.9,28,15,18,10,0,4,14,28.6,10,117,44,37.6,58,55,4,18,7,0,11,16,44,37,0
Cristiano Ronaldo,dea698d9,45000000,pt POR,FW,it Juventus,35,1985,6.3,0,0,0,0,0,0,3,0.0,3,28,9,32.1,4,6,18,3,1,0,2,1,1,5,0
Valentin Rongier,ed45c4a5,14000000,fr FRA,MF,fr Marseille,25,1994,4.9,12,9,4,7,1,2,5,40.0,3,100,35,35.0,30,52,18,13,0,0,13,6,18,4,1
Marten de Roon,2a1beb34,23000000,nl NED,MF,it Atalanta,29,1991,5.3,12,11,3,7,2,5,21,23.8,16,96,24,25.0,24,56,16,6,0,0,6,12,24,7,0
Antonio Rüdiger,18b896d6,28000000,de GER,DF,eng Chelsea,27,1993,10.3,8,5,4,3,1,1,3,33.3,2,80,20,25.0,44,30,6,14,8,0,6,8,16,46,0
Daniele Rugani,14b8fcdf,5000000,it ITA,DF,fr Rennes,26,1994,0.2,1,1,1,0,0,1,1,100.0,0,2,1,50.0,1,1,0,1,1,0,0,0,1,1,0
Matteo Ruggeri,ae9898c5,2000000,it ITA,DF,it Atalanta,18,2002,0.2,0,0,0,0,0,0,0,,0,1,0,0.0,0,0,1,0,0,0,0,2,2,1,0
Georginio Rutter,c64c01fc,3500000,fr FRA,FW,fr Rennes,18,2002,0.2,2,2,1,0,1,0,0,,0,5,4,80.0,1,1,3,0,0,0,0,0,2,0,0
Dmitrii Rybchinskii,32314605,2500000,ru RUS,MFFW,ru Loko Moscow,21,1998,1.7,6,2,6,0,0,4,10,40.0,6,37,12,32.4,21,11,5,6,0,0,6,2,8,2,0
Maciej Rybus,86dd16a8,2000000,pl POL,DF,ru Loko Moscow,30,1989,6.0,4,2,2,2,0,3,9,33.3,6,55,16,29.1,41,10,4,13,3,0,10,14,18,27,0
José Sá,903b6e8b,7500000,pt POR,GK,gr Olympiacos,27,1993,6.0,0,0,0,0,0,0,0,,0,1,0,0.0,1,0,0,1,0,0,1,0,0,0,0
Marcel Sabitzer,e280527c,42000000,at AUT,MF,de RB Leipzig,26,1994,6.3,15,10,6,9,0,4,20,20.0,16,110,33,30.0,29,74,7,4,3,0,1,16,31,7,1
Leon Sabua,4c32fb38,350000,ru RUS,FW,ru Krasnodar,19,2000,0.4,0,0,0,0,0,0,0,,0,3,1,33.3,1,0,2,0,0,0,0,0,0,0,0
Matvei Safonov,d97b252e,14000000,ru RUS,GK,ru Krasnodar,21,1999,4.0,0,0,0,0,0,0,0,,0,0,0,,0,0,0,0,0,0,0,0,0,0,0
Hiroki Sakai,d63e2912,4000000,jp JPN,DF,fr Marseille,30,1990,6.0,13,8,9,3,1,6,14,42.9,8,76,31,40.8,30,34,12,13,2,0,11,2,15,16,0
Mohamed Salah,e342ad68,100000000,eg EGY,FW,eng Liverpool,28,1992,8.6,4,2,1,3,0,1,7,14.3,6,132,47,35.6,7,54,71,11,0,0,11,5,9,4,1
Romain Salin,74733221,500000,fr FRA,GK,fr Rennes,36,1984,2.0,0,0,0,0,0,0,0,,0,0,0,,0,0,0,0,0,0,0,0,0,0,0
Alexis Sánchez,2c0f8e9e,7500000,cl CHI,FWMF,it Inter,31,1988,1.3,2,2,1,0,1,0,2,0.0,2,28,8,28.6,2,13,13,1,0,0,1,2,4,0,0
Jadon Sancho,dbf053da,100000000,eng ENG,FWMF,de Dortmund,20,2000,4.3,2,2,0,0,2,2,6,33.3,4,33,7,21.2,9,11,13,3,0,0,3,3,5,1,0
Alex Sandro,0d82903c,20000000,br BRA,DF,it Juventus,29,1991,5.3,12,10,3,7,2,3,9,33.3,6,53,23,43.4,14,30,9,12,1,0,11,10,22,11,0
Leroy Sané,2b114be3,60000000,de GER,FWMF,de Bayern Munich,24,1996,6.4,9,5,2,2,5,3,15,20.0,12,127,34,26.8,22,48,57,7,0,0,7,7,16,2,0
Morgan Sanson,6e7f1353,16000000,fr FRA,MF,fr Marseille,25,1994,4.1,13,5,4,8,1,5,13,38.5,8,121,28,23.1,28,72,21,6,0,0,6,2,15,0,0
Douglas Santos,c50e5bba,16000000,br BRA,DF,ru Zenit,26,1994,4.4,16,7,11,4,1,8,17,47.1,9,58,17,29.3,34,18,6,9,0,0,9,4,20,6,0
Zaidu Sanusi,24051310,8000000,ng NGA,DF,pt Porto,23,1997,9.6,21,10,10,11,0,12,18,66.7,6,133,42,31.6,54,63,16,16,3,1,13,21,42,32,0
Pablo Sarabia,9744ff80,22000000,es ESP,FWMF,fr Paris S-G,28,1992,1.6,3,1,1,1,1,1,5,20.0,4,26,7,26.9,8,10,8,3,1,0,2,2,5,1,0
Bouna Sarr,1a4b9094,4000000,sn SEN,DF,de Bayern Munich,28,1992,2.1,3,3,2,1,0,1,2,50.0,1,22,6,27.3,7,12,3,4,0,0,4,2,5,4,0
Malang Sarr,4315f30d,10000000,fr FRA,DF,pt Porto,21,1999,4.7,1,0,1,0,0,0,0,,0,19,6,31.6,11,7,1,12,4,0,8,6,7,17,0
Stefan Savić,f6ac68c1,25000000,me MNE,DF,es Atlético Madrid,29,1991,7.9,8,6,4,4,0,2,7,28.6,5,73,24,32.9,46,25,2,8,4,0,4,6,14,48,0
Alexander Scholz,b0c7a51d,2500000,dk DEN,DF,dk Midtjylland,27,1992,6.0,10,7,8,2,0,6,13,46.2,7,48,24,50.0,26,20,2,7,1,0,6,6,16,25,1
Siebe Schrijvers,746fec7d,2200000,be BEL,MF,be Club Brugge,24,1996,0.3,0,0,0,0,0,0,0,,0,4,1,25.0,1,0,3,0,0,0,0,1,1,0,0
Nico Schulz,fa274d97,6000000,de GER,DF,de Dortmund,27,1993,2.3,3,3,0,1,2,0,4,0.0,4,24,5,20.8,10,8,6,3,1,0,2,0,3,13,0
Perr Schuurs,e613313c,8000000,nl NED,DF,nl Ajax,20,1999,5.6,9,6,5,4,0,5,10,50.0,5,94,29,30.9,50,40,4,17,5,0,12,7,16,21,1
Rúben Semedo,c904f3d5,8000000,pt POR,DF,gr Olympiacos,26,1994,5.9,4,4,3,1,0,4,8,50.0,4,42,15,35.7,30,11,1,12,6,0,6,10,14,22,0
Stefano Sensi,b70bde8f,13000000,it ITA,MF,it Inter,24,1995,0.1,0,0,0,0,0,0,1,0.0,1,4,0,0.0,0,2,2,0,0,0,0,0,0,0,0
Artem Shabanov,52e101a8,1500000,ua UKR,DF,ua Dynamo Kyiv,28,1992,1.0,2,1,2,0,0,1,2,50.0,1,6,2,33.3,5,0,1,0,0,0,0,0,2,4,0
Daniil Shamkin,e8c0cafd,800000,ru RUS,MFFW,ru Zenit,18,2002,0.4,3,2,2,1,0,1,2,50.0,1,12,4,33.3,5,6,1,0,0,0,0,2,5,3,0
Mykola Shaparenko,17e3e467,8000000,ua UKR,MF,ua Dynamo Kyiv,21,1998,4.7,11,8,6,4,1,4,15,26.7,11,121,33,27.3,45,63,13,7,1,0,6,9,20,5,0
Xherdan Shaqiri,6421ec64,12000000,ch SUI,MFFW,eng Liverpool,28,1991,1.8,4,4,1,3,0,1,2,50.0,1,36,11,30.6,6,24,6,8,1,0,7,0,4,1,0
Luke Shaw,9c94165b,35000000,eng ENG,DF,eng Manchester Utd,25,1995,3.7,9,7,2,6,1,2,4,50.0,2,47,19,40.4,13,25,9,5,0,0,5,4,13,8,0
Volodymyr Shepelyev,a81ed730,2500000,ua UKR,MF,ua Dynamo Kyiv,23,1997,2.9,4,1,3,1,0,0,3,0.0,3,56,9,16.1,28,23,5,5,1,0,4,2,6,4,0
Dávid Sigér,3d2320f7,1000000,hu HUN,MF,hu Ferencváros,29,1990,4.3,3,1,0,2,1,0,3,0.0,3,74,14,18.9,22,36,16,4,1,0,3,0,3,2,1
Bernardo Silva,3eb22ec9,70000000,pt POR,MFFW,eng Manchester City,25,1994,10.3,15,6,4,7,4,6,18,33.3,12,232,53,22.8,30,96,106,13,2,0,11,6,21,4,1
Thiago Silva,86e7deaf,3000000,br BRA,DF,eng Chelsea,35,1984,6.3,4,2,3,1,0,2,3,66.7,1,28,10,35.7,11,17,0,9,3,0,6,9,13,23,0
Aleksandr Silyanov,2690dffa,300000,ru RUS,MF,ru Loko Moscow,19,2001,0.0,1,0,1,0,0,1,1,100.0,0,3,0,0.0,2,1,0,0,0,0,0,1,2,1,0
Pione Sisto,fd9c4805,4500000,dk DEN,MFFW,dk Midtjylland,25,1995,3.8,3,2,1,1,1,0,5,0.0,5,65,18,27.7,16,30,19,4,2,0,2,1,4,1,0
Milan Škriniar,30f5ffa9,60000000,sk SVK,DF,it Inter,25,1995,3.0,4,4,3,1,0,1,4,25.0,3,23,12,52.2,14,8,1,3,2,0,1,4,8,5,0
Martin Škrtel,defb905a,400000,sk SVK,DF,tr Başakşehir,35,1984,4.5,7,6,5,2,0,1,6,16.7,5,33,10,30.3,15,16,2,9,3,0,6,5,12,21,0
Igor Smolnikov,76d5857d,1500000,ru RUS,DFMF,ru Krasnodar,31,1988,5.0,6,2,4,1,1,1,3,33.3,2,37,9,24.3,20,14,3,11,4,0,7,6,12,14,0
Fyodor Smolov,cbbfa2e7,6000000,ru RUS,FWMF,ru Loko Moscow,30,1990,2.2,2,2,1,0,1,0,1,0.0,1,32,9,28.1,4,16,12,3,1,0,2,3,5,1,0
Eduard Sobol,2ccd89a3,3000000,ua UKR,DFMF,be Club Brugge,25,1995,3.5,7,6,1,5,1,2,3,66.7,1,43,11,25.6,11,25,7,1,0,0,1,3,10,4,0
Manor Solomon,886f9aac,20000000,il ISR,MFFW,ua Shakhtar,21,1999,4.1,5,4,3,1,1,1,6,16.7,5,46,17,37.0,22,15,9,9,0,0,9,4,9,1,0
Somália,c1febb46,1000000,br BRA,MF,hu Ferencváros,31,1988,5.2,7,5,4,1,2,2,4,50.0,2,108,21,19.4,28,62,18,5,0,0,5,10,17,1,0
Yann Sommer,420c18a1,6000000,ch SUI,GK,de M'Gladbach,31,1988,8.0,0,0,0,0,0,0,0,,0,0,0,,0,0,0,0,0,0,0,0,0,0,0
Brandon Soppy,28f66c2e,7000000,fr FRA,DF,fr Rennes,18,2002,1.8,1,1,1,0,0,1,3,33.3,2,17,5,29.4,6,8,3,4,1,0,3,1,2,6,0
Yegor Sorokin,2fd337af,1800000,ru RUS,DF,ru Krasnodar,24,1995,1.7,2,1,1,1,0,0,0,,0,16,8,50.0,9,7,0,4,3,0,1,1,3,17,0
Hillel Soudani,7a435eb3,500000,dz ALG,FWMF,gr Olympiacos,32,1987,0.4,0,0,0,0,0,0,0,,0,8,2,25.0,0,3,5,0,0,0,0,0,0,1,0
Eduard Spertsyan,8e8f40e0,800000,am ARM,FW,ru Krasnodar,20,2000,0.4,2,1,1,1,0,2,5,40.0,3,15,3,20.0,8,6,1,2,0,0,2,0,2,2,0
Marco Sportiello,ac4003af,2000000,it ITA,GK,it Atalanta,28,1992,5.0,0,0,0,0,0,0,2,0.0,2,4,1,25.0,4,0,0,0,0,0,0,0,0,0,2
Cican Stankovic,27d902c8,1500000,at AUT,GK,at RB Salzburg,27,1992,6.0,0,0,0,0,0,0,0,,0,0,0,,0,0,0,0,0,0,0,1,1,0,0
Zack Steffen,42130443,6000000,us USA,GK,eng Manchester City,25,1995,1.0,0,0,0,0,0,0,0,,0,0,0,,0,0,0,0,0,0,0,0,0,0,0
Taras Stepanenko,ee3519f5,7500000,ua UKR,MFDF,ua Shakhtar,30,1989,3.2,4,3,2,1,1,1,4,25.0,3,32,10,31.3,18,10,4,2,1,0,1,4,8,11,0
Raheem Sterling,b400bde0,90000000,eng ENG,FW,eng Manchester City,25,1994,7.2,6,6,0,3,3,2,6,33.3,4,68,16,23.5,3,31,34,4,0,0,4,1,7,0,0
Angelo Stiller,3b1ed320,2500000,de GER,MFFW,de Bayern Munich,19,2001,0.2,1,1,1,0,0,1,1,100.0,0,3,1,33.3,2,0,1,0,0,0,0,0,1,1,0
Lars Stindl,7cd6badb,5000000,de GER,MFFW,de M'Gladbach,31,1988,5.9,11,7,6,4,1,2,13,15.4,11,137,28,20.4,30,71,36,7,0,0,7,6,17,2,0
John Stones,5eecec3d,30000000,eng ENG,DF,eng Manchester City,26,1994,8.9,4,4,2,1,1,1,2,50.0,1,52,13,25.0,19,26,7,13,10,0,3,9,13,30,1
Thomas Strakosha,339fe0e8,14000000,al ALB,GK,it Lazio,25,1995,1.0,0,0,0,0,0,0,0,,0,0,0,,0,0,0,0,0,0,0,0,0,0,0
Kevin Strootman,ef2e5e1a,5000000,nl NED,MF,fr Marseille,30,1990,0.3,1,0,1,0,0,1,1,100.0,0,7,1,14.3,3,2,2,0,0,0,0,0,1,0,0
Luis Suárez,a6154613,15000000,uy URU,FW,es Atlético Madrid,33,1987,5.1,1,1,0,1,0,0,0,,0,39,9,23.1,2,17,20,3,2,0,1,0,1,6,0
Luka Sučić,1e1378e1,3000000,hr CRO,MFFW,at RB Salzburg,17,2002,0.5,1,1,0,1,0,1,6,16.7,5,21,7,33.3,4,14,3,1,0,0,1,2,3,1,0
Heorhii Sudakov,a793f5a8,800000,ua UKR,FW,ua Shakhtar,17,2002,0.1,0,0,0,0,0,0,1,0.0,1,3,0,0.0,1,2,0,1,1,0,0,0,0,0,0
Niklas Süle,e33c06cf,35000000,de GER,DF,de Bayern Munich,24,1995,6.0,8,4,3,4,1,2,9,22.2,7,56,18,32.1,29,23,4,7,2,0,5,7,15,21,0
Magomed-Shapi Suleymanov,d94653be,6000000,ru RUS,FWMF,ru Krasnodar,20,1999,2.3,5,5,3,0,2,2,4,50.0,2,26,8,30.8,11,9,6,7,0,0,7,1,6,5,0
Vladyslav Supriaha,73affbb6,6000000,ua UKR,FW,ua Dynamo Kyiv,20,2000,3.4,1,0,0,1,0,0,4,0.0,4,64,16,25.0,6,35,23,2,1,0,1,0,1,0,0
Suso,4e219ad2,20000000,es ESP,FW,es Sevilla,26,1993,3.1,6,2,2,2,2,4,10,40.0,6,40,9,22.5,8,21,11,0,0,0,0,3,9,1,0
Aleksei Sutormin,bd20f4eb,2500000,ru RUS,DF,ru Zenit,26,1994,2.7,7,6,4,2,1,4,9,44.4,5,42,10,23.8,16,18,8,10,1,0,9,3,10,3,0
Erik Sviatchenko,9614b550,2000000,dk DEN,DF,dk Midtjylland,28,1991,5.0,13,6,10,3,0,5,6,83.3,1,50,16,32.0,29,17,4,7,1,0,6,9,22,28,2
Serhiy Sydorchuk,c71e97ba,4000000,ua UKR,MF,ua Dynamo Kyiv,29,1991,3.9,11,5,4,6,1,3,5,60.0,2,57,11,19.3,22,31,4,8,1,0,7,10,21,8,0
Wojciech Szczęsny,01b8a2b2,25000000,pl POL,GK,it Juventus,30,1990,7.3,0,0,0,0,0,0,0,,0,1,1,100.0,1,0,0,0,0,0,0,0,0,0,1
Dominik Szoboszlai,934e1968,25000000,hu HUN,MFFW,at RB Salzburg,19,2000,5.6,8,4,3,2,3,2,13,15.4,11,105,29,27.6,28,57,20,12,1,1,11,5,13,9,0
Alexander Sørloth,e92cd3f7,16000000,no NOR,FWMF,de RB Leipzig,24,1995,1.3,2,1,0,1,1,0,1,0.0,1,27,8,29.6,1,12,14,1,1,0,0,0,2,0,0
Dušan Tadić,2475dcc6,18000000,rs SRB,FWMF,nl Ajax,31,1988,6.0,3,2,0,1,2,2,4,50.0,2,69,24,34.8,8,31,30,8,1,0,7,1,4,2,0
Nicolás Tagliafico,f0661424,22000000,ar ARG,DF,nl Ajax,27,1992,5.7,16,12,8,7,1,3,10,30.0,7,73,32,43.8,31,29,13,5,1,0,4,3,19,18,1
Taison,7272a72a,7000000,br BRA,FW,ua Shakhtar,32,1988,3.1,5,3,4,1,0,0,1,0.0,1,59,15,25.4,19,23,17,5,0,0,5,1,6,2,0
Flavien Tait,a0f9b535,5000000,fr FRA,MF,fr Rennes,27,1993,0.5,0,0,0,0,0,0,0,,0,5,3,60.0,1,4,0,2,0,0,2,0,0,0,0
Mehdi Taremi,4c2a5d34,16000000,ir IRN,FW,pt Porto,28,1992,2.2,1,0,0,0,1,0,3,0.0,3,42,14,33.3,3,24,15,3,1,0,2,3,4,2,0
Mahmut Tekdemir,bfe272bd,800000,tr TUR,MF,tr Başakşehir,32,1988,2.0,4,3,1,3,0,3,6,50.0,3,53,13,24.5,18,28,7,1,1,0,0,5,9,2,0
Alex Telles,e73c9bb2,20000000,br BRA,DF,eng Manchester Utd,27,1992,3.2,7,3,3,3,1,2,6,33.3,4,43,15,34.9,11,23,9,11,0,0,11,2,9,5,0
Marc-André ter Stegen,6f51e382,60000000,de GER,GK,es Barcelona,28,1992,5.0,0,0,0,0,0,0,0,,0,0,0,,0,0,0,0,0,0,0,0,0,2,0
Martin Terrier,5148dcc5,13000000,fr FRA,FWMF,fr Rennes,23,1997,2.7,6,4,3,3,0,2,5,40.0,3,43,10,23.3,18,13,12,6,0,0,6,0,6,2,0
Tetê,7120a04d,20000000,br BRA,MFFW,ua Shakhtar,20,2000,5.7,4,2,2,2,0,2,9,22.2,7,97,31,32.0,34,35,28,12,0,0,12,2,6,3,0
Florian Thauvin,2b9fdeea,17000000,fr FRA,FWMF,fr Marseille,27,1993,5.3,7,5,5,1,1,4,13,30.8,9,81,15,18.5,16,40,25,3,0,0,3,1,8,1,0
Marcus Thuram,6f8cd6d0,35000000,fr FRA,FW,de M'Gladbach,22,1997,6.6,4,3,2,2,0,1,7,14.3,6,74,9,12.2,22,28,24,14,2,0,12,7,11,4,0
Steffen Tigges,6b8887c2,1200000,de GER,FW,de Dortmund,22,1998,0.1,0,0,0,0,0,0,0,,0,5,0,0.0,0,1,4,0,0,0,0,0,0,0,0
Jurrien Timber,41034650,11000000,nl NED,DF,nl Ajax,19,2001,0.0,0,0,0,0,0,0,0,,0,1,1,100.0,1,0,0,0,0,0,0,0,0,0,0
Corentin Tolisso,652d4c37,20000000,fr FRA,MF,de Bayern Munich,25,1994,2.8,3,2,0,2,1,2,3,66.7,1,39,14,35.9,12,19,8,2,0,0,2,2,5,1,0
Rafael Tolói,c56dc39e,15000000,it ITA,DF,it Atalanta,29,1990,6.9,22,15,10,12,0,9,20,45.0,11,86,27,31.4,44,35,7,9,3,0,6,7,29,26,0
Mehmet Topal,f93c876b,350000,tr TUR,MFDF,tr Başakşehir,34,1986,2.5,6,2,5,1,0,3,6,50.0,3,28,11,39.3,20,7,1,5,2,0,3,6,12,10,0
Lucas Torreira,52611641,20000000,uy URU,MF,es Atlético Madrid,24,1996,0.5,3,2,0,3,0,1,4,25.0,3,11,5,45.5,3,6,2,3,0,0,3,0,3,1,0
Ferrán Torres,9e1035f8,50000000,es ESP,FW,eng Manchester City,20,2000,4.0,5,1,0,3,2,2,3,66.7,1,63,15,23.8,3,15,45,3,0,0,3,2,7,2,0
Óliver Torres,58a9a4d9,13000000,es ESP,MFFW,es Sevilla,25,1994,3.1,6,5,2,3,1,1,7,14.3,6,47,20,42.6,10,18,19,5,0,0,5,4,10,0,0
Hamari Traoré,a4b1028a,8000000,ml MLI,DF,fr Rennes,28,1992,6.0,9,6,7,2,0,2,8,25.0,6,57,17,29.8,29,25,3,9,1,0,8,6,15,16,0
Ibrahima Traoré,096a77c4,600000,gn GUI,FW,de M'Gladbach,32,1988,0.3,0,0,0,0,0,0,1,0.0,1,4,1,25.0,2,2,0,1,0,0,1,0,0,1,0
Francisco Trincão,77e39b04,22000000,pt POR,FWMF,es Barcelona,20,1999,3.7,5,3,0,1,4,0,7,0.0,7,73,24,32.9,8,27,38,6,0,0,6,2,7,0,0
Kieran Trippier,21512407,20000000,eng ENG,DF,es Atlético Madrid,29,1990,6.8,13,7,7,4,2,6,11,54.5,5,90,33,36.7,38,34,18,11,3,0,8,4,17,16,0
Anatolii Trubin,41f0b196,8000000,ua UKR,GK,ua Shakhtar,18,2001,5.0,0,0,0,0,0,0,2,0.0,2,2,0,0.0,2,0,0,0,0,0,0,0,0,0,0
Adrien Truffert,5d0e0a1f,12000000,fr FRA,DF,fr Rennes,18,2001,2.7,9,5,6,1,2,2,6,33.3,4,34,15,44.1,11,15,8,4,1,0,3,2,11,6,0
Kostas Tsimikas,f315ca93,8000000,gr GRE,DF,eng Liverpool,24,1996,1.4,2,1,1,0,1,1,4,25.0,3,30,6,20.0,14,12,4,4,1,0,3,2,4,7,1
Viktor Tsyhankov,f7e87032,25000000,ua UKR,MFFW,ua Dynamo Kyiv,22,1997,4.7,5,3,3,1,1,1,10,10.0,9,94,20,21.3,40,36,18,5,1,0,4,4,9,3,0
Axel Tuanzebe,2baec6ce,8000000,eng ENG,DF,eng Manchester Utd,22,1997,2.3,5,5,4,1,0,1,2,50.0,1,29,11,37.9,23,5,1,0,0,0,0,1,6,10,0
Deniz Turuc,ed140063,3100000,tr TUR,MFFW,tr Başakşehir,27,1993,5.8,4,3,2,2,0,2,8,25.0,6,100,25,25.0,38,42,20,14,4,0,10,5,9,5,0
Andreas Ulmer,1a799243,800000,at AUT,DF,at RB Salzburg,34,1985,6.0,19,12,12,5,2,7,14,50.0,7,99,32,32.3,43,35,21,10,1,0,9,3,22,12,0
Samuel Umtiti,3eed9821,8000000,fr FRA,DF,es Barcelona,26,1993,0.4,1,0,0,1,0,0,0,,0,4,1,25.0,0,3,1,1,0,0,1,1,2,0,0
Dayot Upamecano,d248cd8f,60000000,fr FRA,DF,de RB Leipzig,21,1998,6.7,19,15,12,6,1,3,8,37.5,5,84,36,42.9,54,27,3,8,3,0,5,13,32,25,2
Mateus Uribe,b997c3de,15000000,co COL,MF,pt Porto,29,1991,8.3,21,13,12,9,0,2,13,15.4,11,155,39,25.2,57,71,27,8,0,0,8,10,31,15,0
Daniil Utkin,9ddb85e8,2500000,ru RUS,MF,ru Krasnodar,20,1999,2.5,8,8,3,4,1,3,8,37.5,5,22,8,36.4,6,10,6,2,1,0,1,0,8,1,0
Myrto Uzuni,01da7812,3000000,al ALB,FWMF,hu Ferencváros,25,1995,2.7,1,1,0,1,0,0,4,0.0,4,34,8,23.5,9,12,13,3,1,0,2,3,4,2,0
Tomáš Vaclík,7b456af7,4000000,cz CZE,GK,es Sevilla,31,1989,2.0,0,0,0,0,0,0,1,0.0,1,0,0,,0,0,0,0,0,0,0,0,0,0,0
Mathieu Valbuena,7a4cea18,1000000,fr FRA,FWMF,gr Olympiacos,35,1984,2.8,3,3,1,2,0,0,2,0.0,2,29,11,37.9,2,18,9,3,0,0,3,2,5,0,0
Albert Vallci,9778d8dd,2500000,at AUT,DF,at RB Salzburg,25,1995,1.0,2,0,0,2,0,1,4,25.0,3,11,4,36.4,3,7,1,2,0,0,2,1,3,3,0
Federico Valverde,0959c2a2,65000000,uy URU,MFDF,es Real Madrid,22,1998,5.4,15,6,5,4,6,5,12,41.7,7,114,31,27.2,25,61,28,14,1,0,13,11,26,5,0
Thomas Van den Keybus,21453b2e,500000,be BEL,DF,be Club Brugge,19,2001,0.0,0,0,0,0,0,0,0,,0,0,0,,0,0,0,1,0,0,1,0,0,0,0
Ignace Van Der Brempt,2bf50b37,1200000,be BEL,DF,be Club Brugge,18,2002,0.1,0,0,0,0,0,0,0,,0,2,0,0.0,0,1,1,0,0,0,0,1,1,0,0
Hans Vanaken,392a7aea,13000000,be BEL,MF,be Club Brugge,27,1992,5.9,5,5,1,3,1,2,6,33.3,4,83,23,27.7,13,44,26,7,0,0,7,6,11,6,0
Raphaël Varane,9f8e9423,70000000,fr FRA,DF,es Real Madrid,27,1993,9.0,11,7,8,2,1,2,6,33.3,4,85,23,27.1,40,35,10,9,4,0,5,8,19,33,0
Franco Vázquez,467bae22,4000000,ar ARG,FWMF,es Sevilla,31,1989,1.0,3,1,0,3,0,2,4,50.0,2,24,6,25.0,0,19,5,1,1,1,0,0,3,0,0
Lucas Vázquez,fd51b456,15000000,es ESP,DFFW,es Real Madrid,29,1991,8.0,22,16,9,10,3,9,23,39.1,14,154,51,33.1,62,59,33,18,0,0,18,7,29,11,0
Benjamin Verbič,2ebc1b44,5500000,si SVN,FW,ua Dynamo Kyiv,26,1993,3.2,3,2,0,3,0,0,5,0.0,5,67,14,20.9,7,37,23,5,0,0,5,2,5,1,0
Marco Verratti,1467af0d,55000000,it ITA,MFFW,fr Paris S-G,27,1992,5.6,17,14,6,10,1,11,26,42.3,15,117,34,29.1,32,61,24,6,2,0,4,10,27,3,0
Lasse Vibe,f5f2ec59,300000,dk DEN,FWMF,dk Midtjylland,33,1987,0.5,0,0,0,0,0,0,1,0.0,1,13,3,23.1,3,3,7,1,0,0,1,0,0,0,0
Arturo Vidal,67cdbc0e,3500000,cl CHI,MF,it Inter,33,1987,3.2,16,7,3,10,3,8,14,57.1,6,76,20,26.3,25,39,12,6,0,0,6,3,19,4,0
Fabio Vieira,6412cc03,9000000,pt POR,MFFW,pt Porto,20,2000,1.8,4,4,3,0,1,0,1,0.0,1,31,3,9.7,6,18,7,0,0,0,0,1,5,0,0
Tonny Vilhena,c7069d87,8000000,nl NED,MF,ru Krasnodar,25,1995,4.3,13,6,4,8,1,3,12,25.0,9,94,29,30.9,29,55,10,4,0,0,4,6,19,6,0
Rúben Vinagre,b937e490,5000000,pt POR,DFFW,gr Olympiacos,21,1999,0.2,0,0,0,0,0,0,1,0.0,1,9,2,22.2,3,6,0,0,0,0,0,0,0,0,0
Edin Višća,da1185fc,8000000,ba BIH,MF,tr Başakşehir,30,1990,4.7,2,2,0,0,2,1,4,25.0,3,36,12,33.3,7,13,16,8,0,0,8,3,5,2,0
Vitão,d4f034db,3000000,br BRA,DF,ua Shakhtar,20,2000,1.4,3,1,3,0,0,2,2,100.0,0,5,2,40.0,3,2,0,3,2,0,1,0,3,16,0
Vitolo,db750822,4000000,es ESP,MFDF,es Atlético Madrid,30,1989,0.3,3,2,1,1,1,1,1,100.0,0,14,4,28.6,2,1,11,0,0,0,0,1,4,0,0
Bohdan Viunnyk,e4d5e2ae,400000,ua UKR,MF,ua Shakhtar,18,2002,0.0,0,0,0,0,0,0,0,,0,2,0,0.0,0,2,0,0,0,0,0,0,0,0,0
Ruud Vormer,c24544c7,4000000,nl NED,MF,be Club Brugge,32,1988,5.7,9,7,2,6,1,4,7,57.1,3,72,25,34.7,21,36,15,5,0,0,5,6,15,1,1
Stefan de Vrij,d0d8dd44,50000000,nl NED,DF,it Inter,28,1992,6.0,4,2,2,2,0,0,0,,0,46,12,26.1,24,21,1,12,4,0,8,10,14,21,0
Marious Vrousai,d2795011,1500000,gr GRE,FWDF,gr Olympiacos,22,1998,2.1,7,4,3,3,1,2,4,50.0,2,35,14,40.0,12,15,8,2,0,0,2,5,12,3,0
Kyle Walker,86dd77d1,28000000,eng ENG,DF,eng Manchester City,30,1990,10.9,28,20,12,12,4,9,17,52.9,8,124,45,36.3,35,63,26,13,1,0,12,12,40,25,0
Aaron Wan-Bissaka,9e525177,40000000,eng ENG,DF,eng Manchester Utd,22,1997,5.2,15,8,9,6,0,4,5,80.0,1,62,14,22.6,26,26,10,22,3,0,19,10,25,12,0
Wanderson,5da33b33,9000000,br BRA,FWMF,ru Krasnodar,25,1994,2.3,5,3,1,2,2,3,4,75.0,1,21,4,19.0,6,11,4,3,0,0,3,1,6,0,0
Wendel,33b11df6,17000000,br BRA,MFFW,ru Zenit,22,1997,1.6,2,1,2,0,0,1,7,14.3,6,38,6,15.8,13,17,8,1,0,0,1,0,2,1,0
Oscar Wendt,b69261a0,600000,se SWE,DF,de M'Gladbach,34,1985,2.4,7,5,3,3,1,3,6,50.0,3,20,5,25.0,6,11,3,9,3,0,6,4,11,4,0
Timo Werner,49fe9070,65000000,de GER,FWMF,eng Chelsea,24,1996,9.0,5,1,2,3,0,1,10,10.0,9,131,27,20.6,21,54,56,7,0,0,7,5,10,2,0
Georginio Wijnaldum,eb58eef0,30000000,nl NED,MF,eng Liverpool,29,1990,8.0,10,9,1,9,0,0,4,0.0,4,118,40,33.9,25,67,26,10,0,0,10,7,17,3,0
Brandon Williams,5e74d6c8,10000000,eng ENG,DF,eng Manchester Utd,19,2000,0.7,0,0,0,0,0,0,0,,0,7,0,0.0,1,5,1,1,0,0,1,1,1,1,0
Neco Williams,dd323728,8000000,wls WAL,DF,eng Liverpool,19,2001,2.1,7,4,5,2,0,2,4,50.0,2,39,8,20.5,17,16,6,8,1,0,7,4,11,3,1
Rhys Williams,012c975a,5000000,eng ENG,DF,eng Liverpool,19,2001,3.7,4,1,2,2,0,2,3,66.7,1,35,8,22.9,20,15,0,1,0,0,1,2,6,13,0
Axel Witsel,5dfc6ad5,9000000,be BEL,MFDF,de Dortmund,31,1989,4.0,5,5,2,2,1,0,4,0.0,4,45,17,37.8,11,21,13,3,1,0,2,4,9,5,0
Maximilian Wöber,4b803b3c,8000000,at AUT,DF,at RB Salzburg,22,1998,5.7,12,4,7,3,2,2,9,22.2,7,45,12,26.7,28,14,3,8,4,0,4,6,18,40,0
Hannes Wolf,be42a291,8000000,at AUT,MFFW,de M'Gladbach,21,1999,0.9,1,1,1,0,0,0,1,0.0,1,28,6,21.4,9,14,5,3,0,0,3,1,2,0,0
Ashley Young,be927d03,1000000,eng ENG,DF,it Inter,35,1985,4.6,6,4,1,5,0,3,4,75.0,1,28,7,25.0,5,14,9,7,0,0,7,3,9,3,0
Illia Zabarnyi,88968486,6000000,ua UKR,DF,ua Dynamo Kyiv,17,2002,6.0,1,1,1,0,0,1,8,12.5,7,31,11,35.5,22,9,0,6,5,0,1,12,13,35,0
Dan-Axel Zagadou,a4effc55,18000000,fr FRA,DF,de Dortmund,21,1999,0.2,3,1,3,0,0,0,0,,0,4,2,50.0,4,0,0,0,0,0,0,0,3,8,0
Denis Zakaria,384d58d9,30000000,ch SUI,MFDF,de M'Gladbach,23,1996,3.2,8,6,6,2,0,1,5,20.0,4,48,11,22.9,22,22,4,3,1,0,2,6,14,3,0
Duván Zapata,d3de9af0,33000000,co COL,FW,it Atalanta,29,1991,5.8,5,3,2,3,0,0,0,,0,45,9,20.0,4,17,24,4,0,0,4,1,6,8,0
Rifat Zhemaletdinov,ed87a229,4000000,ru RUS,MF,ru Loko Moscow,23,1996,1.2,2,1,2,0,0,1,3,33.3,2,25,4,16.0,9,7,9,1,0,0,1,1,3,2,0
Yuri Zhirkov,ed2b33cb,300000,ru RUS,MFDF,ru Zenit,36,1983,1.8,3,1,0,1,2,0,2,0.0,2,13,7,53.8,2,5,6,1,1,0,0,3,6,1,0
Dmitri Zhivoglyadov,833a8fbc,2000000,ru RUS,DF,ru Loko Moscow,26,1994,5.9,7,2,5,1,1,4,5,80.0,1,51,13,25.5,26,14,11,17,3,0,14,6,13,18,0
Oleksandr Zinchenko,51cf8561,25000000,ua UKR,DF,eng Manchester City,23,1996,6.5,15,8,8,6,1,7,14,50.0,7,65,30,46.2,20,35,10,15,1,0,14,6,21,16,0
Joshua Zirkzee,028e70b9,8000000,nl NED,MF,de Bayern Munich,19,2001,0.1,0,0,0,0,0,0,1,0.0,1,1,1,100.0,1,0,0,0,0,0,0,0,0,0,0
Hakim Ziyech,6622454d,38000000,ma MAR,FWMF,eng Chelsea,27,1993,3.9,9,6,1,4,4,2,12,16.7,10,75,22,29.3,7,39,29,6,1,0,5,5,14,2,0
Kurt Zouma,ce4246f5,32000000,fr FRA,DF,eng Chelsea,25,1994,5.0,7,7,3,4,0,2,4,50.0,2,27,12,44.4,14,13,0,7,5,0,2,1,8,29,0
Oleksandr Zubkov,adfbe1f5,2000000,ua UKR,FWMF,hu Ferencváros,23,1996,4.3,8,6,3,4,1,3,8,37.5,5,95,23,24.2,25,47,23,5,0,0,5,2,10,3,0
Martin Ødegaard,79300479,40000000,no NOR,MF,es Real Madrid,21,1998,1.5,1,1,0,0,1,0,1,0.0,1,13,3,23.1,3,3,7,0,0,0,0,0,1,1,0