Rk,Player,market value,id,Nation,Pos,Squad,Age,Born,90s,Gls,Sh,SoT,SoT%,Sh/90,SoT/90,G/Sh,G/SoT,Dist,FK,PK,PKatt,xG,npxG,npxG/Sh,G-xG,np:G-xG
Pape Abou Cisse,8bc373ea,6000000,sn SEN,DF,gr Olympiacos,24,1995,5.0,0,5,0,0.0,1.00,0.00,0.00,,20.5,1,0,0,0.4,0.4,0.07,-0.4,-0.4
Tammy Abraham,f586779e,38000000,eng ENG,FW,eng Chelsea,22,1997,2.6,1,6,2,33.3,2.35,0.78,0.17,0.50,11.3,0,0,0,0.9,0.9,0.15,+0.1,+0.1
Francesco Acerbi,b96b595c,10000000,it ITA,DF,it Lazio,32,1988,8.0,0,5,1,20.0,0.62,0.12,0.00,0.00,11.8,0,0,0,0.4,0.4,0.07,-0.4,-0.4
Marcos Acuña,81442ecb,15000000,ar ARG,DF,es Sevilla,28,1991,3.6,0,0,0,,0.00,0.00,,,,0,0,0,0.0,0.0,,0.0,0.0
Tyler Adams,2b09d998,20000000,us USA,DFMF,de RB Leipzig,21,1999,3.2,0,0,0,,0.00,0.00,,,,0,0,0,0.0,0.0,,0.0,0.0
Karim Adeyemi,501055d8,10000000,de GER,FW,at RB Salzburg,18,2002,0.6,1,2,1,50.0,3.46,1.73,0.50,1.00,15.9,0,0,0,0.6,0.6,0.28,+0.4,+0.4
Adrián,f76e6b4e,1000000,es ESP,GK,eng Liverpool,33,1987,1.0,0,0,0,,0.00,0.00,,,,0,0,0,0.0,0.0,,0.0,0.0
Nayef Aguerd,288e1e13,8000000,ma MAR,DF,fr Rennes,24,1996,3.1,0,3,0,0.0,0.98,0.00,0.00,,18.6,0,0,0,0.1,0.1,0.03,-0.1,-0.1
Sergio Agüero,4d034881,18000000,ar ARG,FW,eng Manchester City,32,1988,1.7,2,1,1,100.0,0.59,0.59,1.00,1.00,15.0,0,1,1,1.4,0.7,0.66,+0.6,+0.3
Manuel Akanji,89ac64a6,30000000,ch SUI,DF,de Dortmund,25,1995,7.0,0,3,2,66.7,0.43,0.29,0.00,0.00,16.1,1,0,0,0.2,0.2,0.07,-0.2,-0.2
Marley Aké,414e1f69,2500000,fr FRA,FWMF,fr Marseille,19,2001,0.4,0,1,0,0.0,2.31,0.00,0.00,,4.1,0,0,0,0.1,0.1,0.09,-0.1,-0.1
Nathan Aké,eaeca114,32000000,nl NED,DF,eng Manchester City,25,1995,2.0,0,1,1,100.0,0.50,0.50,0.00,0.00,7.0,0,0,0,0.1,0.1,0.14,-0.1,-0.1
Jean-Daniel Akpa-Akpro,fdf4b948,3500000,ci CIV,MF,it Lazio,27,1992,3.2,1,3,1,33.3,0.93,0.31,0.33,1.00,13.8,0,0,0,0.4,0.4,0.13,+0.6,+0.6
David Alaba,05439de2,55000000,at AUT,DFMF,de Bayern Munich,28,1992,9.0,0,10,3,30.0,1.11,0.33,0.00,0.00,19.9,2,0,0,0.8,0.8,0.08,-0.8,-0.8
Jordi Alba,4601e194,20000000,es ESP,DF,es Barcelona,31,1989,5.4,0,1,0,0.0,0.19,0.00,0.00,,14.9,0,0,0,0.1,0.1,0.06,-0.1,-0.1
Luis Alberto,5294a83f,45000000,es ESP,MF,it Lazio,27,1992,5.3,0,6,4,66.7,1.14,0.76,0.00,0.00,19.8,0,0,0,0.4,0.4,0.07,-0.4,-0.4
Thiago Alcántara,77e84962,30000000,es ESP,MF,eng Liverpool,29,1991,2.5,0,2,1,50.0,0.81,0.41,0.00,0.00,21.0,0,0,0,0.1,0.1,0.05,-0.1,-0.1
Danijel Aleksić,d68cb24c,2500000,rs SRB,MF,tr Başakşehir,29,1991,1.2,0,4,2,50.0,3.33,1.67,0.00,0.00,22.4,1,0,0,0.1,0.1,0.03,-0.1,-0.1
Carles Aleñá,6c811eb7,15000000,es ESP,MF,es Barcelona,22,1998,1.4,0,3,0,0.0,2.18,0.00,0.00,,24.7,0,0,0,0.1,0.1,0.02,-0.1,-0.1
Trent Alexander-Arnold,cd1acf9d,75000000,eng ENG,DF,eng Liverpool,21,1998,7.9,0,0,0,,0.00,0.00,,,,0,0,0,0.0,0.0,,0.0,0.0
Hasan Ali Kaldırım,edd38473,1000000,tr TUR,DF,tr Başakşehir,30,1989,1.2,0,0,0,,0.00,0.00,,,,0,0,0,0.0,0.0,,0.0,0.0
Alisson,7a2e46a8,60000000,br BRA,GK,eng Liverpool,27,1992,7.0,0,0,0,,0.00,0.00,,,,0,0,0,0.0,0.0,,0.0,0.0
Marcos Alonso,f4290206,12000000,es ESP,DF,eng Chelsea,29,1990,2.0,0,2,1,50.0,1.01,0.50,0.00,0.00,22.5,0,0,0,0.0,0.0,0.02,0.0,0.0
Éder Álvarez Balanta,8ce30c57,4500000,co COL,MF,be Club Brugge,27,1993,2.6,0,0,0,,0.00,0.00,,,,0,0,0,0.0,0.0,,0.0,0.0
Edson Álvarez,8b3ab7ad,14000000,mx MEX,MFDF,nl Ajax,22,1997,1.4,0,0,0,,0.00,0.00,,,,0,0,0,0.0,0.0,,0.0,0.0
Jordan Amavi,22721b88,9000000,fr FRA,DF,fr Marseille,26,1994,5.0,0,1,0,0.0,0.20,0.00,0.00,,32.4,0,0,0,0.0,0.0,0.01,0.0,0.0
Mikkel Andersen,63e905bc,200000,dk DEN,GK,dk Midtjylland,31,1988,2.0,0,0,0,,0.00,0.00,,,,0,0,0,0.0,0.0,,0.0,0.0
Felipe Anderson,9f1893b9,10000000,br BRA,FW,pt Porto,27,1993,0.7,0,0,0,,0.00,0.00,,,,0,0,0,0.0,0.0,,0.0,0.0
Mikael Anderson,0a721e85,1500000,is ISL,MFFW,dk Midtjylland,22,1998,1.9,0,4,1,25.0,2.13,0.53,0.00,0.00,20.2,0,0,0,0.1,0.1,0.03,-0.1,-0.1
Joel Andersson,b5f66351,2000000,se SWE,DF,dk Midtjylland,23,1996,4.4,0,0,0,,0.00,0.00,,,,0,0,0,0.0,0.0,,0.0,0.0
Oleksandr Andriyevskyi,4e3f5992,1200000,ua UKR,MF,ua Dynamo Kyiv,26,1994,1.4,0,0,0,,0.00,0.00,,,,0,0,0,0.0,0.0,,0.0,0.0
Angeliño,30941e96,35000000,es ESP,DF,de RB Leipzig,23,1997,7.0,3,12,5,41.7,1.73,0.72,0.25,0.60,14.9,0,0,0,1.6,1.6,0.13,+1.4,+1.4
Faustino Anjorin,b105919e,2500000,eng ENG,FW,eng Chelsea,18,2001,0.9,0,2,0,0.0,2.28,0.00,0.00,,14.2,0,0,0,0.1,0.1,0.06,-0.1,-0.1
Marcos Antônio,108fe016,8000000,br BRA,MF,ua Shakhtar,20,2000,2.7,0,1,1,100.0,0.37,0.37,0.00,0.00,27.1,0,0,0,0.0,0.0,0.04,0.0,0.0
Antony,99127249,25000000,br BRA,FW,nl Ajax,20,2000,4.0,1,9,7,77.8,2.26,1.76,0.11,0.14,19.7,0,0,0,0.7,0.7,0.07,+0.3,+0.3
Youssef El-Arabi,c63f6e46,3000000,ma MAR,FW,gr Olympiacos,33,1987,4.7,0,7,3,42.9,1.49,0.64,0.00,0.00,13.3,0,0,0,0.8,0.8,0.12,-0.8,-0.8
Ronald Araújo,2bef2bca,25000000,uy URU,DF,es Barcelona,21,1999,1.6,0,0,0,,0.00,0.00,,,,0,0,0,0.0,0.0,,0.0,0.0
Ari,30643ce2,600000,ru RUS,FW,ru Krasnodar,34,1985,0.3,0,2,1,50.0,7.20,3.60,0.00,0.00,13.7,0,0,0,0.2,0.2,0.08,-0.2,-0.2
Bright Arrey-Mbi,1394bf42,1000000,de GER,DF,de Bayern Munich,17,2003,0.7,0,0,0,,0.00,0.00,,,,0,0,0,0.0,0.0,,0.0,0.0
Sergio Arribas,1e465e70,3000000,es ESP,FW,es Real Madrid,18,2001,0.4,0,0,0,,0.00,0.00,,,,0,0,0,0.0,0.0,,0.0,0.0
Kepa Arrizabalaga,28d596a0,13000000,es ESP,GK,eng Chelsea,25,1994,1.0,0,0,0,,0.00,0.00,,,,0,0,0,0.0,0.0,,0.0,0.0
Marco Asensio,45af8a54,35000000,es ESP,FW,es Real Madrid,24,1996,6.9,2,23,11,47.8,3.34,1.60,0.09,0.18,17.0,1,0,0,2.5,2.5,0.13,-0.5,-0.5
Majeed Ashimeru,552e00b9,2500000,gh GHA,MF,at RB Salzburg,22,1997,0.5,0,0,0,,0.00,0.00,,,,0,0,0,0.0,0.0,,0.0,0.0
Sardar Azmoun,10549b49,25000000,ir IRN,FW,ru Zenit,25,1995,3.2,0,8,1,12.5,2.50,0.31,0.00,0.00,11.3,0,0,0,0.8,0.8,0.11,-0.8,-0.8
César Azpilicueta,53cad200,13000000,es ESP,DF,eng Chelsea,30,1989,10.7,0,4,1,25.0,0.37,0.09,0.00,0.00,9.1,0,0,0,0.4,0.4,0.11,-0.4,-0.4
Demba Ba,8b683d09,500000,sn SEN,FW,tr Başakşehir,35,1985,3.6,1,9,3,33.3,2.47,0.82,0.11,0.33,19.4,0,0,0,1.0,1.0,0.11,0.0,0.0
Ousseynou Ba,60c07b31,5000000,sn SEN,DF,gr Olympiacos,24,1995,2.1,0,0,0,,0.00,0.00,,,,0,0,0,0.0,0.0,,0.0,0.0
Youssouph Badji,6a2b9aee,3500000,sn SEN,FW,be Club Brugge,18,2001,0.4,0,0,0,,0.00,0.00,,,,0,0,0,0.0,0.0,,0.0,0.0
Mitchel Bakker,a8567629,10000000,nl NED,DF,fr Paris S-G,20,2000,4.6,0,3,1,33.3,0.66,0.22,0.00,0.00,12.5,0,0,0,0.4,0.4,0.12,-0.4,-0.4
Leonardo Balerdi,7c3ed041,8000000,ar ARG,DF,fr Marseille,21,1999,2.8,0,1,0,0.0,0.36,0.00,0.00,,14.3,0,0,0,0.0,0.0,0.03,0.0,0.0
Tudor Băluță,ed33f42d,2000000,ro ROU,MF,ua Dynamo Kyiv,21,1999,0.1,0,0,0,,0.00,0.00,,,,0,0,0,0.0,0.0,,0.0,0.0
Nicolò Barella,6928979a,65000000,it ITA,MF,it Inter,23,1997,5.9,0,4,0,0.0,0.68,0.00,0.00,,16.8,0,0,0,0.3,0.3,0.08,-0.3,-0.3
Romário Baró,a4e16ab4,5000000,pt POR,MF,pt Porto,20,2000,0.7,0,0,0,,0.00,0.00,,,,0,0,0,0.0,0.0,,0.0,0.0
Wílmar Barrios,8e7f49d3,15000000,co COL,MF,ru Zenit,26,1993,5.5,0,1,0,0.0,0.18,0.00,0.00,,31.1,0,0,0,0.0,0.0,0.01,0.0,0.0
Alessandro Bastoni,75b86fb3,60000000,it ITA,DF,it Inter,21,1999,4.6,0,2,0,0.0,0.44,0.00,0.00,,16.9,0,0,0,0.1,0.1,0.04,-0.1,-0.1
Roko Baturina,c432ba7d,700000,hr CRO,MFFW,hu Ferencváros,20,2000,0.4,0,1,1,100.0,2.43,2.43,0.00,0.00,8.0,0,0,0,0.2,0.2,0.18,-0.2,-0.2
Donny van de Beek,50dc94ce,30000000,nl NED,MFFW,eng Manchester Utd,23,1997,3.1,0,1,0,0.0,0.32,0.00,0.00,,13.6,0,0,0,0.1,0.1,0.05,-0.1,-0.1
Jude Bellingham,57d88cf9,55000000,eng ENG,MF,de Dortmund,17,2003,7.6,1,10,4,40.0,1.31,0.52,0.10,0.25,18.3,0,0,0,0.8,0.8,0.08,+0.2,+0.2
Darío Benedetto,bef0a7ac,7000000,ar ARG,FW,fr Marseille,30,1990,2.9,0,5,1,20.0,1.75,0.35,0.00,0.00,16.0,0,0,0,0.7,0.7,0.14,-0.7,-0.7
László Bénes,fe888e39,4000000,sk SVK,MF,de M'Gladbach,22,1997,0.2,0,0,0,,0.00,0.00,,,,0,0,0,0.0,0.0,,0.0,0.0
Ramy Bensebaini,378825c7,22000000,dz ALG,DF,de M'Gladbach,25,1995,5.0,2,3,1,33.3,0.60,0.20,0.33,1.00,18.5,1,1,1,1.1,0.3,0.11,+0.9,+0.7
Rodrigo Bentancur,3b8674e6,35000000,uy URU,MF,it Juventus,23,1997,5.2,0,5,1,20.0,0.95,0.19,0.00,0.00,24.0,0,0,0,0.1,0.1,0.03,-0.1,-0.1
Karim Benzema,70d74ece,25000000,fr FRA,FW,es Real Madrid,32,1987,9.3,6,34,17,50.0,3.64,1.82,0.18,0.35,12.8,0,0,0,5.0,5.0,0.15,+1.0,+1.0
Marcus Berg,b39bf63f,1200000,se SWE,FW,ru Krasnodar,33,1986,5.7,2,9,4,44.4,1.59,0.71,0.11,0.25,13.4,0,1,1,2.6,1.8,0.20,-0.6,-0.8
Mergim Berisha,eb6e14be,10000000,de GER,MFFW,at RB Salzburg,22,1998,5.2,4,17,8,47.1,3.24,1.53,0.24,0.50,15.0,1,0,0,3.1,3.1,0.18,+0.9,+0.9
Federico Bernardeschi,ee93c1a9,15000000,it ITA,MFDF,it Juventus,26,1994,1.7,0,9,1,11.1,5.40,0.60,0.00,0.00,16.1,0,0,0,1.0,1.0,0.11,-1.0,-1.0
Miha Blažič,3cdfc63e,2000000,si SVN,DF,hu Ferencváros,27,1993,6.0,0,3,0,0.0,0.50,0.00,0.00,,27.7,0,0,0,0.1,0.1,0.02,-0.1,-0.1
Daley Blind,691bef82,15000000,nl NED,DFMF,nl Ajax,30,1990,4.6,0,1,0,0.0,0.22,0.00,0.00,,24.6,0,0,0,0.0,0.0,0.02,0.0,0.0
Jérôme Boateng,2db2fd7b,8500000,de GER,DF,de Bayern Munich,31,1988,5.8,1,1,1,100.0,0.17,0.17,1.00,1.00,8.0,0,0,0,0.1,0.1,0.09,+0.9,+0.9
Franck Boli,9c2b4382,1100000,ci CIV,FWMF,hu Ferencváros,26,1993,0.9,2,6,5,83.3,6.59,5.49,0.33,0.40,12.1,0,0,0,1.8,1.8,0.32,+0.2,+0.2
Boli Bolingoli-Mbombo,c603ad6a,2200000,be BEL,DF,tr Başakşehir,25,1995,4.1,0,1,0,0.0,0.24,0.00,0.00,,20.8,0,0,0,0.0,0.0,0.03,0.0,0.0
Valerii Bondar,7713c72a,3000000,ua UKR,DF,ua Shakhtar,21,1999,6.0,0,0,0,,0.00,0.00,,,,0,0,0,0.0,0.0,,0.0,0.0
Leonardo Bonucci,52ec54d0,8000000,it ITA,DF,it Juventus,33,1987,5.5,0,1,0,0.0,0.18,0.00,0.00,,11.2,0,0,0,0.0,0.0,0.02,0.0,0.0
Endre Botka,2cb77ec6,1000000,hu HUN,DF,hu Ferencváros,25,1994,2.9,0,0,0,,0.00,0.00,,,,0,0,0,0.0,0.0,,0.0,0.0
Andreas Bouchalakis,1c07b06e,5000000,gr GRE,MF,gr Olympiacos,27,1993,4.6,0,5,0,0.0,1.08,0.00,0.00,,23.9,0,0,0,0.1,0.1,0.02,-0.1,-0.1
Yassine Bounou,f6798fc3,18000000,ma MAR,GK,es Sevilla,29,1991,5.0,0,0,0,,0.00,0.00,,,,0,0,0,0.0,0.0,,0.0,0.0
Benjamin Bourigeaud,20e73fac,15000000,fr FRA,MF,fr Rennes,26,1994,4.1,0,7,2,28.6,1.71,0.49,0.00,0.00,17.7,2,0,0,0.7,0.7,0.10,-0.7,-0.7
Denys Boyko,1e064bfb,1000000,ua UKR,GK,ua Dynamo Kyiv,32,1988,1.0,0,0,0,,0.00,0.00,,,,0,0,0,0.0,0.0,,0.0,0.0
Martin Braithwaite,fd771f95,9000000,dk DEN,FW,es Barcelona,29,1991,2.6,3,7,3,42.9,2.70,1.16,0.29,0.67,11.9,0,1,1,2.4,1.7,0.24,+0.6,+0.3
Julian Brandt,a167537f,20000000,de GER,MF,de Dortmund,24,1996,2.4,0,3,0,0.0,1.24,0.00,0.00,,18.4,0,0,0,0.1,0.1,0.03,-0.1,-0.1
Brian Brobbey,4c184730,7500000,nl NED,FW,nl Ajax,18,2002,0.5,0,1,1,100.0,2.00,2.00,0.00,0.00,7.3,0,0,0,0.1,0.1,0.09,-0.1,-0.1
Marcelo Brozović,33b8d077,40000000,hr CRO,MF,it Inter,27,1992,4.1,0,4,1,25.0,0.97,0.24,0.00,0.00,19.7,0,0,0,0.2,0.2,0.05,-0.2,-0.2
Bruma,5caa62a7,5000000,pt POR,FWMF,gr Olympiacos,25,1994,0.7,0,1,0,0.0,1.36,0.00,0.00,,16.0,0,0,0,0.1,0.1,0.06,-0.1,-0.1
Gianluigi Buffon,e40d028b,1000000,it ITA,GK,it Juventus,42,1978,1.0,0,0,0,,0.00,0.00,,,,0,0,0,0.0,0.0,,0.0,0.0
Roman Bürki,9d12e142,4000000,ch SUI,GK,de Dortmund,29,1990,4.0,0,0,0,,0.00,0.00,,,,0,0,0,0.0,0.0,,0.0,0.0
Heorhiy Bushchan,eb2b33aa,5000000,ua UKR,GK,ua Dynamo Kyiv,26,1994,4.0,0,0,0,,0.00,0.00,,,,0,0,0,0.0,0.0,,0.0,0.0
Sergio Busquets,5ab0ea87,9000000,es ESP,MF,es Barcelona,32,1988,3.7,0,4,2,50.0,1.08,0.54,0.00,0.00,10.3,0,0,0,0.1,0.1,0.04,-0.1,-0.1
Vitaliy Buyalskyi,b8814868,5000000,ua UKR,MF,ua Dynamo Kyiv,27,1993,3.8,0,5,1,20.0,1.31,0.26,0.00,0.00,13.5,0,0,0,0.4,0.4,0.09,-0.4,-0.4
Rémy Cabella,148e136f,9000000,fr FRA,MFFW,ru Krasnodar,30,1990,2.8,1,5,2,40.0,1.78,0.71,0.20,0.50,14.1,0,0,0,1.2,1.2,0.24,-0.2,-0.2
Júnior Caiçara,038aa94a,1300000,br BRA,DF,tr Başakşehir,31,1989,0.3,0,0,0,,0.00,0.00,,,,0,0,0,0.0,0.0,,0.0,0.0
Felipe Caicedo,93b891d1,4000000,ec ECU,FWMF,it Lazio,31,1988,1.5,1,4,1,25.0,2.65,0.66,0.25,1.00,11.5,0,0,0,0.3,0.3,0.08,+0.7,+0.7
Jens Cajuste,928a4a61,5000000,se SWE,MF,dk Midtjylland,20,1999,3.6,0,0,0,,0.00,0.00,,,,0,0,0,0.0,0.0,,0.0,0.0
Mattia Caldara,ac7e640b,5000000,it ITA,DF,it Atalanta,26,1994,0.1,0,0,0,,0.00,0.00,,,,0,0,0,0.0,0.0,,0.0,0.0
Duje Ćaleta-Car,94f8d10c,25000000,hr CRO,DF,fr Marseille,23,1996,4.0,0,2,0,0.0,0.50,0.00,0.00,,6.5,0,0,0,0.3,0.3,0.17,-0.3,-0.3
Mohamed Camara,489e80e3,10000000,ml MLI,MF,at RB Salzburg,20,2000,4.6,0,4,1,25.0,0.88,0.22,0.00,0.00,22.9,0,0,0,0.1,0.1,0.03,-0.1,-0.1
Mohamed Camara,13ea2544,3000000,gn GUI,MF,gr Olympiacos,23,1997,3.2,1,4,1,25.0,1.26,0.31,0.25,1.00,19.1,0,0,0,0.2,0.2,0.05,+0.8,+0.8
Eduardo Camavinga,7b9c2d84,55000000,fr FRA,MF,fr Rennes,17,2002,3.6,0,5,2,40.0,1.37,0.55,0.00,0.00,27.1,0,0,0,0.1,0.1,0.03,-0.1,-0.1
Sergio Camello,873619c6,2300000,es ESP,MF,es Atlético Madrid,19,2001,0.1,0,0,0,,0.00,0.00,,,,0,0,0,0.0,0.0,,0.0,0.0
Emre Can,a65ce836,26000000,de GER,MFDF,de Dortmund,26,1994,5.2,0,4,0,0.0,0.77,0.00,0.00,,20.2,0,0,0,0.2,0.2,0.04,-0.2,-0.2
João Cancelo,bd6351cd,55000000,pt POR,DF,eng Manchester City,26,1994,6.7,1,8,3,37.5,1.19,0.45,0.13,0.33,22.9,0,0,0,0.4,0.4,0.05,+0.6,+0.6
Diego Carlos,b4a014b1,45000000,br BRA,DF,es Sevilla,27,1993,8.0,0,12,3,25.0,1.50,0.37,0.00,0.00,11.6,0,0,0,1.1,1.1,0.10,-1.1,-1.1
Yannick Carrasco,de39485a,40000000,be BEL,MFDF,es Atlético Madrid,26,1993,4.2,1,11,4,36.4,2.61,0.95,0.09,0.25,19.2,1,0,0,0.8,0.8,0.07,+0.2,+0.2
Dani Carvajal,4958bfb2,30000000,es ESP,DF,es Real Madrid,28,1992,1.8,0,0,0,,0.00,0.00,,,,0,0,0,0.0,0.0,,0.0,0.0
Casemiro,4d224fe8,70000000,br BRA,MF,es Real Madrid,28,1992,9.2,1,11,2,18.2,1.20,0.22,0.09,0.50,26.3,0,0,0,1.0,1.0,0.09,0.0,0.0
Danilo Cataldi,ba3d3bea,2500000,it ITA,MF,it Lazio,25,1994,1.0,0,2,0,0.0,2.05,0.00,0.00,,31.5,1,0,0,0.1,0.1,0.06,-0.1,-0.1
Edinson Cavani,527f063d,6000000,uy URU,FW,eng Manchester Utd,33,1987,2.3,0,4,1,25.0,1.73,0.43,0.00,0.00,21.0,0,0,0,0.5,0.5,0.12,-0.5,-0.5
Murilo Cerqueira,10fe831e,2500000,br BRA,DF,ru Loko Moscow,23,1997,5.0,0,3,0,0.0,0.60,0.00,0.00,,7.4,0,0,0,0.3,0.3,0.10,-0.3,-0.3
Nacer Chadli,5b54bf3b,5000000,be BEL,MFDF,tr Başakşehir,30,1989,1.3,0,0,0,,0.00,0.00,,,,0,0,0,0.0,0.0,,0.0,0.0
Yevgeni Chernov,15975a3c,2500000,ru RUS,DF,ru Krasnodar,27,1992,3.2,0,3,0,0.0,0.94,0.00,0.00,,14.8,0,0,0,0.2,0.2,0.07,-0.2,-0.2
Giorgio Chiellini,e85fb9b8,1500000,it ITA,DF,it Juventus,35,1984,1.6,0,1,0,0.0,0.63,0.00,0.00,,4.0,0,0,0,0.1,0.1,0.12,-0.1,-0.1
Federico Chiesa,b0f7e36c,60000000,it ITA,MFFW,it Juventus,22,1997,6.1,4,13,7,53.8,2.12,1.14,0.31,0.57,13.4,0,0,0,2.2,2.2,0.17,+1.8,+1.8
Ben Chilwell,d2424d1b,45000000,eng ENG,DF,eng Chelsea,23,1996,8.6,1,5,3,60.0,0.58,0.35,0.20,0.33,9.9,0,0,0,1.2,1.2,0.25,-0.2,-0.2
Andreas Christensen,1cb49278,30000000,dk DEN,DF,eng Chelsea,24,1996,6.6,0,1,0,0.0,0.15,0.00,0.00,,32.0,0,0,0,0.0,0.0,0.02,0.0,0.0
Eldar Ćivić,5fcb90ac,1500000,ba BIH,DF,hu Ferencváros,24,1996,0.7,0,0,0,,0.00,0.00,,,,0,0,0,0.0,0.0,,0.0,0.0
Viktor Claesson,b3a712de,10000000,se SWE,FWMF,ru Krasnodar,28,1992,3.2,0,3,1,33.3,0.93,0.31,0.00,0.00,15.6,0,0,0,0.5,0.5,0.18,-0.5,-0.5
Leighton Clarkson,d5dafedb,150000,eng ENG,MF,eng Liverpool,18,2001,1.0,0,0,0,,0.00,0.00,,,,0,0,0,0.0,0.0,,0.0,0.0
Kingsley Coman,042e8a49,65000000,fr FRA,FW,de Bayern Munich,24,1996,6.0,3,17,5,29.4,2.81,0.83,0.18,0.60,17.3,0,0,0,2.1,2.1,0.12,+0.9,+0.9
Francisco Conceição,5ef3d210,8000000,pt POR,MF,pt Porto,17,2002,0.1,0,0,0,,0.00,0.00,,,,0,0,0,0.0,0.0,,0.0,0.0
Dion Cools,0331786b,1500000,my MAS,DF,dk Midtjylland,24,1996,2.3,0,1,1,100.0,0.43,0.43,0.00,0.00,4.5,0,0,0,0.1,0.1,0.11,-0.1,-0.1
Vedran Ćorluka,6ceef869,1000000,hr CRO,DF,ru Loko Moscow,34,1986,4.5,0,1,1,100.0,0.22,0.22,0.00,0.00,9.0,0,0,0,0.1,0.1,0.08,-0.1,-0.1
Jesús Corona,fb938d24,30000000,mx MEX,MFFW,pt Porto,27,1993,8.4,0,5,1,20.0,0.60,0.12,0.00,0.00,18.6,0,0,0,0.3,0.3,0.07,-0.3,-0.3
Ángel Correa,01eb744d,40000000,ar ARG,FWMF,es Atlético Madrid,25,1995,5.4,0,5,1,20.0,0.93,0.19,0.00,0.00,17.1,0,0,0,0.6,0.6,0.13,-0.6,-0.6
Joaquín Correa,45b9b619,30000000,ar ARG,FW,it Lazio,25,1994,7.4,3,17,10,58.8,2.30,1.36,0.18,0.30,14.6,0,0,0,3.2,3.2,0.19,-0.2,-0.2
Diogo Costa,93fffbcf,6000000,pt POR,GK,pt Porto,20,1999,1.0,0,0,0,,0.00,0.00,,,,0,0,0,0.0,0.0,,0.0,0.0
Douglas Costa,4fa7cb9b,6000000,br BRA,FWMF,de Bayern Munich,29,1990,2.6,0,3,1,33.3,1.17,0.39,0.00,0.00,17.9,0,0,0,0.1,0.1,0.03,-0.1,-0.1
Thibaut Courtois,1840e36d,60000000,be BEL,GK,es Real Madrid,28,1992,12.0,0,0,0,,0.00,0.00,,,,0,0,0,0.0,0.0,,0.0,0.0
Philippe Coutinho,0ef89a37,30000000,br BRA,MF,es Barcelona,28,1992,1.5,1,6,1,16.7,4.06,0.68,0.17,1.00,20.5,0,0,0,0.3,0.3,0.05,+0.7,+0.7
Enzo Crivelli,06f33dc8,2500000,fr FRA,FW,tr Başakşehir,25,1995,2.7,0,1,0,0.0,0.37,0.00,0.00,,7.0,0,0,0,0.2,0.2,0.20,-0.2,-0.2
Juan Cuadrado,0ab1f153,16000000,co COL,DF,it Juventus,32,1988,6.1,0,3,0,0.0,0.49,0.00,0.00,,17.0,0,0,0,0.1,0.1,0.05,-0.1,-0.1
Mickaël Cuisance,5722eced,7000000,fr FRA,MFFW,fr Marseille,20,1999,2.6,0,1,0,0.0,0.38,0.00,0.00,,30.1,0,0,0,0.0,0.0,0.02,0.0,0.0
Szymon Czyż,4c14af32,300000,pl POL,MF,it Lazio,19,2001,0.3,0,0,0,,0.00,0.00,,,,0,0,0,0.0,0.0,,0.0,0.0
Danilo D'Ambrosio,44eb9093,5000000,it ITA,DF,it Inter,31,1988,3.4,0,1,0,0.0,0.29,0.00,0.00,,11.2,0,0,0,0.0,0.0,0.04,0.0,0.0
Damien Da Silva,1ec7e1c5,2000000,fr FRA,DF,fr Rennes,32,1988,5.8,0,2,1,50.0,0.35,0.17,0.00,0.00,8.0,0,0,0,0.1,0.1,0.03,-0.1,-0.1
Colin Dagba,29c02c9f,12000000,fr FRA,DF,fr Paris S-G,21,1998,2.5,0,0,0,,0.00,0.00,,,,0,0,0,0.0,0.0,,0.0,0.0
Mahmoud Dahoud,db4ed67b,16000000,de GER,MF,de Dortmund,24,1996,5.4,1,12,5,41.7,2.21,0.92,0.08,0.20,21.9,0,0,0,0.7,0.7,0.06,+0.3,+0.3
Patson Daka,ca45605e,22000000,zm ZAM,FW,at RB Salzburg,21,1998,2.3,0,9,3,33.3,3.95,1.32,0.00,0.00,14.2,0,0,0,1.4,1.4,0.16,-1.4,-1.4
Danilo,94b2001f,20000000,br BRA,DF,it Juventus,29,1991,6.3,0,6,1,16.7,0.95,0.16,0.00,0.00,24.1,0,0,0,0.2,0.2,0.03,-0.2,-0.2
Matteo Darmian,96e0490d,7000000,it ITA,DF,it Inter,30,1989,1.9,1,5,2,40.0,2.69,1.08,0.20,0.50,9.1,0,0,0,0.5,0.5,0.11,+0.5,+0.5
Alphonso Davies,d781d855,70000000,ca CAN,DF,de Bayern Munich,19,2000,3.6,0,2,0,0.0,0.56,0.00,0.00,,23.7,0,0,0,0.1,0.1,0.03,-0.1,-0.1
Kevin De Bruyne,e46012d4,100000000,be BEL,MFFW,eng Manchester City,29,1991,7.4,3,21,7,33.3,2.84,0.95,0.14,0.43,20.2,2,0,0,1.9,1.9,0.09,+1.1,+1.1
Charles De Ketelaere,2ef7c612,16000000,be BEL,FWDF,be Club Brugge,19,2001,5.1,2,10,3,30.0,1.97,0.59,0.20,0.67,11.5,0,0,0,2.3,2.3,0.25,-0.3,-0.3
Konrad De La Fuente,4b77bb89,4000000,us USA,MFFW,es Barcelona,19,2001,0.2,0,0,0,,0.00,0.00,,,,0,0,0,0.0,0.0,,0.0,0.0
Romain Del Castillo,0be95d34,4500000,fr FRA,FWMF,fr Rennes,24,1996,1.5,0,1,0,0.0,0.68,0.00,0.00,,19.1,0,0,0,0.1,0.1,0.06,-0.1,-0.1
Thomas Delaney,fe641c1a,15000000,dk DEN,MFDF,de Dortmund,28,1991,4.8,0,3,1,33.3,0.63,0.21,0.00,0.00,14.9,0,0,0,0.3,0.3,0.08,-0.3,-0.3
Simon Deli,6b6cbca4,4300000,ci CIV,DF,be Club Brugge,28,1991,3.5,0,0,0,,0.00,0.00,,,,0,0,0,0.0,0.0,,0.0,0.0
Moussa Dembélé,e7986081,20000000,fr FRA,FW,es Atlético Madrid,24,1996,0.5,0,1,0,0.0,1.91,0.00,0.00,,5.8,0,0,0,0.1,0.1,0.09,-0.1,-0.1
Ousmane Dembélé,b19db005,50000000,fr FRA,FW,es Barcelona,23,1997,4.2,3,20,11,55.0,4.71,2.59,0.10,0.18,18.6,0,1,1,3.0,2.2,0.11,0.0,-0.2
Merih Demiral,e3cceee6,28000000,tr TUR,DF,it Juventus,22,1998,4.4,0,2,1,50.0,0.45,0.23,0.00,0.00,10.6,0,0,0,0.0,0.0,0.02,0.0,0.0
Emmanuel Dennis,2c44a35d,5000000,ng NGA,FWMF,be Club Brugge,22,1997,3.8,1,5,3,60.0,1.32,0.79,0.20,0.33,12.8,0,0,0,0.9,0.9,0.18,+0.1,+0.1
Dentinho,85686f86,1500000,br BRA,FW,ua Shakhtar,31,1989,1.8,1,1,1,100.0,0.55,0.55,1.00,1.00,9.1,0,0,0,0.5,0.5,0.55,+0.5,+0.5
Fabio Depaoli,d97f2e8d,3500000,it ITA,DF,it Atalanta,23,1997,0.1,0,0,0,,0.00,0.00,,,,0,0,0,0.0,0.0,,0.0,0.0
Sergiño Dest,5976f83e,30000000,us USA,DF,es Barcelona,19,2000,6.5,1,5,2,40.0,0.77,0.31,0.20,0.50,19.1,0,0,0,0.4,0.4,0.07,+0.6,+0.6
Ángel Di María,19cda00b,20000000,ar ARG,FWMF,fr Paris S-G,32,1988,7.7,1,22,4,18.2,2.87,0.52,0.05,0.25,20.7,2,0,1,2.6,1.9,0.09,-1.6,-0.9
Abdou Diallo,fc62f087,25000000,sn SEN,DF,fr Paris S-G,24,1996,5.6,0,0,0,,0.00,0.00,,,,0,0,0,0.0,0.0,,0.0,0.0
Amad Diallo,9dc96f10,18000000,ci CIV,FW,it Atalanta,18,2002,0.3,0,3,2,66.7,11.74,7.83,0.00,0.00,14.2,0,0,0,0.5,0.5,0.17,-0.5,-0.5
Rúben Dias,31c69ef1,75000000,pt POR,DF,eng Manchester City,23,1997,10.8,0,4,0,0.0,0.37,0.00,0.00,,6.8,0,0,0,1.0,1.0,0.25,-1.0,-1.0
Krepin Diatta,8104e41e,18000000,sn SEN,MFDF,be Club Brugge,21,1999,4.6,0,5,1,20.0,1.09,0.22,0.00,0.00,17.7,0,0,0,0.2,0.2,0.04,-0.2,-0.2
Luis Díaz,4a1a9578,18000000,co COL,FWMF,pt Porto,23,1997,5.0,2,5,2,40.0,1.00,0.40,0.40,1.00,18.5,0,0,0,0.4,0.4,0.08,+1.6,+1.6
Dénes Dibusz,4030c7ae,2500000,hu HUN,GK,hu Ferencváros,29,1990,6.0,0,0,0,,0.00,0.00,,,,0,0,0,0.0,0.0,,0.0,0.0
Berat Djimsiti,6eee05f1,22000000,al ALB,DF,it Atalanta,27,1993,8.0,0,3,1,33.3,0.37,0.12,0.00,0.00,12.5,0,0,0,0.1,0.1,0.04,-0.1,-0.1
Dodô,b5f7d10b,20000000,br BRA,DF,ua Shakhtar,21,1998,6.0,0,1,1,100.0,0.17,0.17,0.00,0.00,25.0,0,0,0,0.0,0.0,0.04,0.0,0.0
Jeremy Doku,fffea3e5,22000000,be BEL,FWMF,fr Rennes,18,2002,4.5,0,8,5,62.5,1.80,1.12,0.00,0.00,16.6,0,0,0,0.5,0.5,0.06,-0.5,-0.5
Thomas Doyle,5526deb1,1000000,eng ENG,MF,eng Manchester City,18,2001,0.1,0,0,0,,0.00,0.00,,,,0,0,0,0.0,0.0,,0.0,0.0
Mohamed Dräger,8954fddc,1000000,tn TUN,DF,gr Olympiacos,24,1996,0.7,0,0,0,,0.00,0.00,,,,0,0,0,0.0,0.0,,0.0,0.0
Radu Drăgușin,620922ed,3000000,ro ROU,DF,it Juventus,18,2002,0.2,0,0,0,,0.00,0.00,,,,0,0,0,0.0,0.0,,0.0,0.0
Julian Draxler,1a992676,20000000,de GER,FWMF,fr Paris S-G,26,1993,3.0,0,2,0,0.0,0.67,0.00,0.00,,21.4,0,0,0,0.1,0.1,0.03,-0.1,-0.1
Anders Dreyer,c6486b01,6000000,dk DEN,FWMF,dk Midtjylland,22,1998,5.5,1,13,5,38.5,2.38,0.92,0.08,0.20,18.2,1,0,0,1.3,1.3,0.10,-0.3,-0.3
Sebastián Driussi,60e86875,7500000,ar ARG,MFFW,ru Zenit,24,1996,3.1,1,10,3,30.0,3.21,0.96,0.10,0.33,20.6,0,0,0,0.8,0.8,0.08,+0.2,+0.2
Hugo Duro,37e103f8,5000000,es ESP,FW,es Real Madrid,20,1999,0.2,0,1,0,0.0,6.00,0.00,0.00,,23.5,0,0,0,0.0,0.0,0.04,0.0,0.0
Lasha Dvali,303636d2,900000,ge GEO,DF,hu Ferencváros,25,1995,4.1,0,0,0,,0.00,0.00,,,,0,0,0,0.0,0.0,,0.0,0.0
Paulo Dybala,e0921a4f,50000000,ar ARG,MFFW,it Juventus,26,1993,2.4,1,9,4,44.4,3.75,1.67,0.11,0.25,19.3,1,0,0,1.5,1.5,0.17,-0.5,-0.5
Artem Dzyuba,448a3608,11000000,ru RUS,FW,ru Zenit,31,1988,3.8,1,4,2,50.0,1.04,0.52,0.25,0.50,10.8,0,0,0,0.5,0.5,0.13,+0.5,+0.5
Éder,f0fc9d0e,700000,pt POR,FW,ru Loko Moscow,32,1987,2.8,1,2,1,50.0,0.73,0.36,0.50,1.00,21.0,0,0,0,0.1,0.1,0.03,+0.9,+0.9
Ederson,3bb7b8b4,50000000,br BRA,GK,eng Manchester City,26,1993,12.0,0,0,0,,0.00,0.00,,,,0,0,0,0.0,0.0,,0.0,0.0
Jurgen Ekkelenkamp,73d6a176,3200000,nl NED,MF,nl Ajax,20,2000,1.0,0,2,0,0.0,1.98,0.00,0.00,,15.7,0,0,0,0.2,0.2,0.08,-0.2,-0.2
Nico Elvedi,48035304,28000000,ch SUI,DF,de M'Gladbach,23,1996,6.9,1,2,1,50.0,0.29,0.15,0.50,1.00,6.0,0,0,0,0.2,0.2,0.12,+0.8,+0.8
Breel Embolo,0b4f388a,16000000,ch SUI,FWMF,de M'Gladbach,23,1997,3.3,1,8,3,37.5,2.39,0.90,0.13,0.33,13.7,0,0,0,1.5,1.5,0.19,-0.5,-0.5
Youssef En-Nesyri,04e17fd5,40000000,ma MAR,FW,es Sevilla,23,1997,4.3,6,15,9,60.0,3.48,2.09,0.33,0.56,15.1,0,1,1,2.6,1.9,0.12,+3.4,+3.1
Alexandru Epureanu,58dda688,350000,md MDA,DF,tr Başakşehir,33,1986,4.5,0,1,0,0.0,0.22,0.00,0.00,,10.0,0,0,0,0.1,0.1,0.07,-0.1,-0.1
Christian Eriksen,980522ec,40000000,dk DEN,MFFW,it Inter,28,1992,1.1,0,6,2,33.3,5.35,1.78,0.00,0.00,23.9,1,0,0,0.3,0.3,0.04,-0.3,-0.3
Aleksandr Erokhin,1c78737d,2500000,ru RUS,MFFW,ru Zenit,30,1989,3.0,1,3,1,33.3,1.00,0.33,0.33,1.00,12.7,0,0,0,0.6,0.6,0.21,+0.4,+0.4
Gonzalo Escalante,3f79a1c8,3200000,ar ARG,MF,it Lazio,27,1993,1.6,0,1,0,0.0,0.61,0.00,0.00,,20.0,0,0,0,0.0,0.0,0.05,0.0,0.0
Sergio Escudero,b0616e3d,2500000,es ESP,DF,es Sevilla,30,1989,2.0,0,3,0,0.0,1.48,0.00,0.00,,18.0,0,0,0,0.2,0.2,0.07,-0.2,-0.2
Evander,4352d221,6000000,br BRA,MF,dk Midtjylland,22,1998,1.7,0,7,2,28.6,4.20,1.20,0.00,0.00,21.0,1,0,0,0.6,0.6,0.08,-0.6,-0.6
Evanilson,6f3cc2fe,7500000,br BRA,FW,pt Porto,20,1999,0.9,0,0,0,,0.00,0.00,,,,0,0,0,0.0,0.0,,0.0,0.0
Fabinho,7f3b388c,60000000,br BRA,DFMF,eng Liverpool,26,1993,6.2,0,1,1,100.0,0.16,0.16,0.00,0.00,7.0,0,0,0,0.1,0.1,0.14,-0.1,-0.1
Mohamed Fares,b7a5bc86,5500000,dz ALG,DF,it Lazio,24,1996,3.8,0,4,0,0.0,1.06,0.00,0.00,,23.1,0,0,0,0.1,0.1,0.02,-0.1,-0.1
Ansu Fati,0ba976e4,60000000,es ESP,FW,es Barcelona,17,2002,1.8,1,9,6,66.7,5.06,3.38,0.11,0.17,13.0,0,0,0,0.9,0.9,0.10,+0.1,+0.1
Felipe,51a3c4c8,12000000,br BRA,DF,es Atlético Madrid,31,1989,4.3,0,0,0,,0.00,0.00,,,,0,0,0,0.0,0.0,,0.0,0.0
Luiz Felipe,15d0c248,18000000,br BRA,DF,it Lazio,23,1997,2.0,0,1,0,0.0,0.51,0.00,0.00,,3.6,0,0,0,0.1,0.1,0.13,-0.1,-0.1
João Félix,8aafd64f,80000000,pt POR,FWMF,es Atlético Madrid,20,1999,7.8,3,27,13,48.1,3.45,1.66,0.11,0.23,15.5,1,0,0,3.5,3.5,0.13,-0.5,-0.5
Bruno Fernandes,507c7bdf,90000000,pt POR,MF,eng Manchester Utd,25,1994,4.9,4,19,9,47.4,3.90,1.85,0.11,0.22,21.9,3,2,2,3.6,2.1,0.11,+0.4,-0.1
Matheus Fernandes,f76fdcd2,1500000,br BRA,MF,es Barcelona,22,1998,0.2,0,1,0,0.0,5.00,0.00,0.00,,19.8,0,0,0,0.0,0.0,0.03,0.0,0.0
Carlos Fernández,e08647d6,9000000,es ESP,FW,es Sevilla,24,1996,0.1,0,0,0,,0.00,0.00,,,,0,0,0,0.0,0.0,,0.0,0.0
Fernandinho,101da2b5,2000000,br BRA,MF,eng Manchester City,35,1985,3.8,0,1,0,0.0,0.26,0.00,0.00,,13.5,0,0,0,0.0,0.0,0.03,0.0,0.0
Fernando,41f32541,4000000,br BRA,MFDF,es Sevilla,33,1987,5.5,0,4,0,0.0,0.73,0.00,0.00,,32.4,1,0,0,0.1,0.1,0.03,-0.1,-0.1
Fernando,d9d43555,2500000,br BRA,FW,ua Shakhtar,21,1999,0.4,0,2,0,0.0,4.74,0.00,0.00,,16.5,0,0,0,0.1,0.1,0.03,-0.1,-0.1
Roberto Firmino,4c370d81,50000000,br BRA,FW,eng Liverpool,28,1991,3.7,0,12,3,25.0,3.27,0.82,0.00,0.00,11.6,0,0,0,1.9,1.9,0.16,-1.9,-1.9
Junior Firpo,24f59bb2,8000000,es ESP,DF,es Barcelona,23,1996,2.9,0,1,0,0.0,0.35,0.00,0.00,,9.0,0,0,0,0.0,0.0,0.04,0.0,0.0
Alessandro Florenzi,e288d4b3,13000000,it ITA,DF,fr Paris S-G,29,1991,9.0,0,4,1,25.0,0.45,0.11,0.00,0.00,20.2,0,0,0,0.1,0.1,0.02,-0.1,-0.1
Phil Foden,ed1e53f3,80000000,eng ENG,FWMF,eng Manchester City,20,2000,11.8,3,33,17,51.5,2.79,1.44,0.09,0.18,16.6,1,0,0,3.7,3.7,0.11,-0.7,-0.7
Emil Forsberg,9a2e0ccc,20000000,se SWE,MFFW,de RB Leipzig,28,1991,5.1,1,14,2,14.3,2.73,0.39,0.00,0.00,14.2,0,1,1,2.7,1.9,0.14,-1.7,-1.9
Kostas Fortounis,715e5b0e,8000000,gr GRE,FWMF,gr Olympiacos,27,1992,3.2,0,3,0,0.0,0.94,0.00,0.00,,26.3,0,0,0,0.1,0.1,0.03,-0.1,-0.1
Timothy Fosu-Mensah,a9142dc3,4000000,nl NED,DF,eng Manchester Utd,22,1998,0.3,0,0,0,,0.00,0.00,,,,0,0,0,0.0,0.0,,0.0,0.0
Gianluca Frabotta,d80b1835,2500000,it ITA,DF,it Juventus,21,1999,0.2,0,0,0,,0.00,0.00,,,,0,0,0,0.0,0.0,,0.0,0.0
Lassina Franck Traoré,f620b04f,6500000,bf BFA,FW,nl Ajax,19,2001,2.2,1,5,1,20.0,2.27,0.45,0.20,1.00,12.3,0,0,0,1.4,1.4,0.29,-0.4,-0.4
Fred,b853e0ad,22000000,br BRA,MF,eng Manchester Utd,27,1993,3.8,0,3,1,33.3,0.80,0.27,0.00,0.00,23.8,0,0,0,0.1,0.1,0.03,-0.1,-0.1
Remo Freuler,98d2c2c4,25000000,ch SUI,MFFW,it Atalanta,28,1992,5.8,0,4,1,25.0,0.69,0.17,0.00,0.00,21.5,0,0,0,0.3,0.3,0.09,-0.3,-0.3
Abraham Frimpong,1c90cd29,500000,gh GHA,DF,hu Ferencváros,27,1993,2.0,0,0,0,,0.00,0.00,,,,0,0,0,0.0,0.0,,0.0,0.0
Roberto Gagliardini,ce30bfc8,15000000,it ITA,MF,it Inter,26,1994,2.8,0,2,0,0.0,0.71,0.00,0.00,,17.1,0,0,0,0.1,0.1,0.04,-0.1,-0.1
Idrissa Gana Gueye,72c812f3,15000000,sn SEN,MF,fr Paris S-G,30,1989,5.4,0,2,0,0.0,0.37,0.00,0.00,,19.9,0,0,0,0.1,0.1,0.03,-0.1,-0.1
Eric García,2bed3eab,20000000,es ESP,DF,eng Manchester City,19,2001,2.3,0,2,1,50.0,0.87,0.43,0.00,0.00,7.5,0,0,0,0.6,0.6,0.31,-0.6,-0.6
Yuri Gazinskiy,ecb68eea,4000000,ru RUS,MF,ru Krasnodar,31,1989,4.2,0,2,0,0.0,0.48,0.00,0.00,,14.9,0,0,0,0.1,0.1,0.06,-0.1,-0.1
Yann Gboho,6be41a31,4500000,fr FRA,MF,fr Rennes,19,2001,1.1,0,0,0,,0.00,0.00,,,,0,0,0,0.0,0.0,,0.0,0.0
David de Gea,7ba6d84e,18000000,es ESP,GK,eng Manchester Utd,29,1990,5.0,0,0,0,,0.00,0.00,,,,0,0,0,0.0,0.0,,0.0,0.0
Valère Germain,ea0ff634,3000000,fr FRA,FWMF,fr Marseille,30,1990,2.2,0,5,1,20.0,2.24,0.45,0.00,0.00,14.6,0,0,0,0.4,0.4,0.08,-0.4,-0.4
Billy Gilmour,df10e27c,10000000,sct SCO,MF,eng Chelsea,19,2001,1.1,0,2,1,50.0,1.87,0.94,0.00,0.00,27.0,0,0,0,0.1,0.1,0.03,-0.1,-0.1
Matthias Ginter,f521b80a,30000000,de GER,DF,de M'Gladbach,26,1994,8.0,0,0,0,,0.00,0.00,,,,0,0,0,0.0,0.0,,0.0,0.0
Olivier Giroud,16ceb862,4000000,fr FRA,FW,eng Chelsea,33,1986,2.9,6,9,6,66.7,3.13,2.08,0.56,0.83,10.7,0,1,1,2.1,1.3,0.15,+3.9,+3.7
Serge Gnabry,88e357ef,70000000,de GER,FWMF,de Bayern Munich,25,1995,4.0,0,12,5,41.7,3.00,1.25,0.00,0.00,17.4,0,0,0,1.3,1.3,0.11,-1.3,-1.3
Pierluigi Gollini,f0f7f62f,17000000,it ITA,GK,it Atalanta,25,1995,3.0,0,0,0,,0.00,0.00,,,,0,0,0,0.0,0.0,,0.0,0.0
Eulânio Ângelo Chipela Gomes,d9b9b71a,3000000,gw GNB,DF,pt Porto,26,1994,1.5,0,0,0,,0.00,0.00,,,,0,0,0,0.0,0.0,,0.0,0.0
Joe Gomez,7a11550b,30000000,eng ENG,DF,eng Liverpool,23,1997,3.0,0,0,0,,0.00,0.00,,,,0,0,0,0.0,0.0,,0.0,0.0
Papu Gómez,6e4df551,9000000,ar ARG,FW,es Sevilla,32,1988,1.0,0,3,1,33.3,3.00,1.00,0.00,0.00,23.6,0,0,0,0.1,0.1,0.03,-0.1,-0.1
Papu Gómez,6e4df551,9000000,ar ARG,MFFW,it Atalanta,32,1988,5.0,1,6,3,50.0,1.20,0.60,0.17,0.33,25.4,0,0,0,0.3,0.3,0.05,+0.7,+0.7
Sergi Gómez,bc6f5f06,3000000,es ESP,DF,es Sevilla,28,1992,2.2,0,2,0,0.0,0.91,0.00,0.00,,28.2,0,0,0,0.0,0.0,0.01,0.0,0.0
Alfred Gomis,cecbce23,7000000,sn SEN,GK,fr Rennes,26,1993,4.0,0,0,0,,0.00,0.00,,,,0,0,0,0.0,0.0,,0.0,0.0
Álvaro González,42dcf26d,7000000,es ESP,DF,fr Marseille,30,1990,6.0,0,3,0,0.0,0.50,0.00,0.00,,11.9,0,0,0,0.2,0.2,0.06,-0.2,-0.2
Leon Goretzka,cc86b9a3,70000000,de GER,MF,de Bayern Munich,25,1995,4.8,2,10,3,30.0,2.07,0.62,0.20,0.67,18.0,0,0,0,0.7,0.7,0.07,+1.3,+1.3
Yevgeni Gorodov,8b3d765f,350000,ru RUS,GK,ru Krasnodar,34,1985,2.0,0,0,0,,0.00,0.00,,,,0,0,0,0.0,0.0,,0.0,0.0
Robin Gosens,2d970560,35000000,de GER,DF,it Atalanta,26,1994,6.3,1,8,3,37.5,1.28,0.48,0.13,0.33,14.3,0,0,0,0.9,0.9,0.11,+0.1,+0.1
Ryan Gravenberch,b8e740fb,33000000,nl NED,MF,nl Ajax,18,2002,5.9,1,6,1,16.7,1.02,0.17,0.17,1.00,21.5,0,0,0,0.4,0.4,0.07,+0.6,+0.6
Mason Greenwood,58eee997,50000000,eng ENG,FWMF,eng Manchester Utd,18,2001,2.3,1,10,5,50.0,4.27,2.13,0.10,0.20,13.9,0,0,0,0.7,0.7,0.07,+0.3,+0.3
Clément Grenier,8b298f56,4000000,fr FRA,MF,fr Rennes,29,1991,2.5,0,2,2,100.0,0.81,0.81,0.00,0.00,22.5,1,0,0,0.3,0.3,0.14,-0.3,-0.3
Antoine Griezmann,df69b544,60000000,fr FRA,FWMF,es Barcelona,29,1991,5.6,2,16,6,37.5,2.87,1.08,0.13,0.33,11.9,0,0,0,2.4,2.4,0.15,-0.4,-0.4
Marko Grujić,8b8e759d,15000000,rs SRB,MFFW,pt Porto,24,1996,4.3,0,7,1,14.3,1.63,0.23,0.00,0.00,12.9,0,0,0,0.3,0.3,0.05,-0.3,-0.3
Nemanja Gudelj,0076ab7f,6000000,rs SRB,MFDF,es Sevilla,28,1991,5.5,0,3,2,66.7,0.54,0.36,0.00,0.00,20.4,0,0,0,0.1,0.1,0.02,-0.1,-0.1
Raphaël Guerreiro,048a1cbc,40000000,pt POR,DF,de Dortmund,26,1993,7.4,1,6,2,33.3,0.81,0.27,0.17,0.50,16.9,1,0,0,1.3,1.3,0.22,-0.3,-0.3
Pape Gueye,7155e3e1,10000000,sn SEN,MF,fr Marseille,21,1999,1.9,0,2,1,50.0,1.06,0.53,0.00,0.00,15.2,0,0,0,0.1,0.1,0.03,-0.1,-0.1
Sehrou Guirassy,923f4dda,12000000,fr FRA,FW,fr Rennes,24,1996,3.8,2,6,3,50.0,1.59,0.79,0.17,0.33,11.9,0,1,1,1.7,1.0,0.16,+0.3,0.0
Péter Gulácsi,bcb2ccd8,13000000,hu HUN,GK,de RB Leipzig,30,1990,8.0,0,0,0,,0.00,0.00,,,,0,0,0,0.0,0.0,,0.0,0.0
Fredrik Gulbrandsen,b686f4c0,2800000,no NOR,MFFW,tr Başakşehir,27,1992,2.3,0,3,1,33.3,1.32,0.44,0.00,0.00,17.6,0,0,0,0.3,0.3,0.11,-0.3,-0.3
İlkay Gündoğan,819b3158,40000000,de GER,MF,eng Manchester City,29,1990,10.8,3,12,4,33.3,1.11,0.37,0.25,0.75,17.9,1,0,0,1.6,1.6,0.13,+1.4,+1.4
Mert Günok,b583aef5,2400000,tr TUR,GK,tr Başakşehir,31,1989,6.0,0,0,0,,0.00,0.00,,,,0,0,0,0.0,0.0,,0.0,0.0
Erling Haaland,1f44ac21,130000000,no NOR,FW,de Dortmund,20,2000,7.8,10,26,16,61.5,3.33,2.05,0.35,0.56,14.1,0,1,1,6.5,5.8,0.23,+3.5,+3.2
Munir El Haddadi,8696bc90,10000000,ma MAR,FWMF,es Sevilla,24,1995,3.3,1,14,2,14.3,4.29,0.61,0.07,0.50,16.4,0,0,0,1.0,1.0,0.08,0.0,0.0
Amadou Haidara,92432bc6,24000000,ml MLI,MFDF,de RB Leipzig,22,1998,4.7,1,7,4,57.1,1.48,0.85,0.14,0.25,14.9,0,0,0,1.0,1.0,0.15,0.0,0.0
Achraf Hakimi,e42d61c7,60000000,ma MAR,DF,it Inter,21,1998,4.0,0,1,0,0.0,0.25,0.00,0.00,,12.8,0,0,0,0.0,0.0,0.04,0.0,0.0
Marcel Halstenberg,8ff2354e,14000000,de GER,DF,de RB Leipzig,28,1991,2.0,0,1,1,100.0,0.49,0.49,0.00,0.00,9.0,0,0,0,0.1,0.1,0.12,-0.1,-0.1
Samir Handanović,74419746,2500000,si SVN,GK,it Inter,36,1984,6.0,0,0,0,,0.00,0.00,,,,0,0,0,0.0,0.0,,0.0,0.0
Jesper Hansen,a3b952f8,250000,dk DEN,GK,dk Midtjylland,35,1985,4.0,0,0,0,,0.00,0.00,,,,0,0,0,0.0,0.0,,0.0,0.0
Denys Harmash,bfc5768b,18000000,ua UKR,MFFW,ua Dynamo Kyiv,30,1990,1.7,0,0,0,,0.00,0.00,,,,0,0,0,0.0,0.0,,0.0,0.0
Hans Hateboer,3b333ac3,70000000,nl NED,DF,it Atalanta,26,1994,5.9,0,2,1,50.0,0.34,0.17,0.00,0.00,13.0,0,0,0,0.4,0.4,0.22,-0.4,-0.4
Kai Havertz,fed7cb61,40000000,de GER,FWMF,eng Chelsea,21,1999,8.7,1,12,3,25.0,1.38,0.34,0.08,0.33,14.2,1,0,0,2.7,2.7,0.23,-1.7,-1.7
Eden Hazard,a39bb753,1500000,be BEL,FW,es Real Madrid,29,1991,3.0,1,4,2,50.0,1.31,0.66,0.00,0.00,19.4,0,1,1,1.0,0.3,0.06,0.0,-0.3
Thorgan Hazard,50871bcc,27000000,be BEL,FW,de Dortmund,27,1993,4.9,1,12,7,58.3,2.44,1.43,0.08,0.14,17.0,0,0,0,1.0,1.0,0.08,0.0,0.0
Hwang Hee-chan,169fd162,11000000,kr KOR,FWMF,de RB Leipzig,24,1996,1.0,0,2,0,0.0,1.91,0.00,0.00,,19.6,0,0,0,0.6,0.6,0.31,-0.6,-0.6
Marcel Heister,fecd43a3,1000000,de GER,DF,hu Ferencváros,28,1992,4.3,0,3,0,0.0,0.70,0.00,0.00,,27.5,0,0,0,0.1,0.1,0.02,-0.1,-0.1
Dean Henderson,e5a76dfe,22000000,eng ENG,GK,eng Manchester Utd,23,1997,1.0,0,0,0,,0.00,0.00,,,,0,0,0,0.0,0.0,,0.0,0.0
Jordan Henderson,935e6b8f,20000000,eng ENG,MFDF,eng Liverpool,30,1990,4.0,0,3,0,0.0,0.74,0.00,0.00,,25.5,1,0,0,0.1,0.1,0.05,-0.1,-0.1
Benjamin Henrichs,0a89e877,12000000,de GER,DFMF,de RB Leipzig,23,1997,1.3,0,2,0,0.0,1.57,0.00,0.00,,14.2,0,0,0,0.1,0.1,0.03,-0.1,-0.1
Dalbert Henrique,f45f9427,4000000,br BRA,MFDF,fr Rennes,26,1993,2.5,0,2,1,50.0,0.81,0.40,0.00,0.00,17.9,0,0,0,0.1,0.1,0.05,-0.1,-0.1
Luis Henrique,f36d5624,8000000,br BRA,FWMF,fr Marseille,18,2001,1.1,0,0,0,,0.00,0.00,,,,0,0,0,0.0,0.0,,0.0,0.0
Mario Hermoso,555f3a0b,35000000,es ESP,DF,es Atlético Madrid,25,1995,3.9,1,2,1,50.0,0.52,0.26,0.50,1.00,7.0,0,0,0,0.2,0.2,0.11,+0.8,+0.8
Lucas Hernández,c3ee18ef,45000000,fr FRA,DF,de Bayern Munich,24,1996,7.7,1,9,2,22.2,1.16,0.26,0.11,0.50,21.1,0,0,0,0.4,0.4,0.04,+0.6,+0.6
Ander Herrera,436a9dd0,13000000,es ESP,MF,fr Paris S-G,30,1989,6.0,0,7,0,0.0,1.17,0.00,0.00,,19.0,0,0,0,0.3,0.3,0.04,-0.3,-0.3
Héctor Herrera,a8542814,7000000,mx MEX,MF,es Atlético Madrid,30,1990,3.3,0,6,1,16.7,1.81,0.30,0.00,0.00,24.6,1,0,0,0.4,0.4,0.06,-0.4,-0.4
Patrick Herrmann,dfb6490a,3500000,de GER,FW,de M'Gladbach,29,1991,0.7,0,0,0,,0.00,0.00,,,,0,0,0,0.0,0.0,,0.0,0.0
Marwin Hitz,2e7ff968,1700000,ch SUI,GK,de Dortmund,32,1987,6.0,0,0,0,,0.00,0.00,,,,0,0,0,0.0,0.0,,0.0,0.0
Wesley Hoedt,875898c7,4000000,nl NED,DF,it Lazio,26,1994,5.4,0,2,0,0.0,0.37,0.00,0.00,,14.3,0,0,0,0.2,0.2,0.10,-0.2,-0.2
Jonas Hofmann,2903a856,16000000,de GER,FW,de M'Gladbach,28,1992,4.8,1,3,2,66.7,0.63,0.42,0.33,0.50,18.4,0,0,0,0.3,0.3,0.10,+0.7,+0.7
José Holebas,12aa7661,600000,gr GRE,DF,gr Olympiacos,36,1984,4.8,0,1,0,0.0,0.21,0.00,0.00,,12.2,0,0,0,0.0,0.0,0.03,0.0,0.0
Ethan Horvath,3f65d5ce,1200000,us USA,GK,be Club Brugge,25,1995,1.0,0,0,0,,0.00,0.00,,,,0,0,0,0.0,0.0,,0.0,0.0
Callum Hudson-Odoi,15f3ec41,32000000,eng ENG,FWDF,eng Chelsea,19,2000,3.8,2,7,3,42.9,1.86,0.80,0.29,0.67,16.2,0,0,0,0.9,0.9,0.12,+1.1,+1.1
Mats Hummels,05d548d8,12000000,de GER,DF,de Dortmund,31,1988,8.8,0,4,1,25.0,0.46,0.11,0.00,0.00,10.6,0,0,0,0.3,0.3,0.09,-0.3,-0.3
Adrien Hunou,d14229f3,6000000,fr FRA,FWMF,fr Rennes,26,1994,1.0,0,3,2,66.7,3.03,2.02,0.00,0.00,16.8,0,0,0,0.3,0.3,0.09,-0.3,-0.3
Klaas-Jan Huntelaar,5042e5c2,800000,nl NED,FWMF,nl Ajax,36,1983,0.4,0,1,1,100.0,2.25,2.25,0.00,0.00,7.0,0,0,0,0.4,0.4,0.36,-0.4,-0.4
Daniel Høegh,01204d46,700000,dk DEN,DF,dk Midtjylland,29,1991,1.0,0,1,0,0.0,1.00,0.00,0.00,,8.2,0,0,0,0.0,0.0,0.03,0.0,0.0
Mauro Icardi,43b78598,40000000,ar ARG,FW,fr Paris S-G,27,1993,2.7,0,3,0,0.0,1.12,0.00,0.00,,11.4,0,0,0,0.5,0.5,0.18,-0.5,-0.5
Oussama Idrissi,34caa4b3,8000000,ma MAR,FW,es Sevilla,24,1996,1.7,0,2,1,50.0,1.21,0.60,0.00,0.00,14.7,0,0,0,0.2,0.2,0.08,-0.2,-0.2
Odion Ighalo,03622183,3500000,ng NGA,FW,eng Manchester Utd,31,1989,0.0,0,0,0,,0.00,0.00,,,,0,0,0,0.0,0.0,,0.0,0.0
Vladislav Ignatyev,5cb1d026,1000000,ru RUS,MF,ru Loko Moscow,33,1987,4.3,0,2,1,50.0,0.46,0.23,0.00,0.00,14.9,0,0,0,0.2,0.2,0.08,-0.2,-0.2
Josip Iličić,68252d6d,6000000,si SVN,MFFW,it Atalanta,32,1988,3.1,1,8,3,37.5,2.59,0.97,0.13,0.33,17.9,2,0,0,1.3,1.3,0.17,-0.3,-0.3
Ciro Immobile,4431aed2,38000000,it ITA,FW,it Lazio,30,1990,4.6,5,13,6,46.2,2.83,1.30,0.15,0.33,18.2,0,3,3,3.9,1.6,0.13,+1.1,+0.4
Nikita Iosifov,4c2fa917,250000,ru RUS,MF,ru Loko Moscow,19,2001,0.2,0,1,1,100.0,6.00,6.00,0.00,0.00,17.5,0,0,0,0.2,0.2,0.16,-0.2,-0.2
Isael,d1f48bfc,900000,br BRA,FWMF,hu Ferencváros,32,1988,4.0,0,6,1,16.7,1.49,0.25,0.00,0.00,17.6,0,0,0,0.4,0.4,0.06,-0.4,-0.4
Gustav Isaksen,5715bb71,1000000,dk DEN,FWMF,dk Midtjylland,19,2001,0.5,0,2,1,50.0,3.91,1.96,0.00,0.00,19.3,0,0,0,0.1,0.1,0.03,-0.1,-0.1
Isco,a0b4bb3e,18000000,es ESP,FWMF,es Real Madrid,28,1992,1.1,0,2,0,0.0,1.84,0.00,0.00,,16.8,1,0,0,0.1,0.1,0.07,-0.1,-0.1
Daniel James,c931d9f9,18000000,wls WAL,FWMF,eng Manchester Utd,22,1997,0.4,1,1,1,100.0,2.57,2.57,1.00,1.00,9.0,0,0,0,0.5,0.5,0.54,+0.5,+0.5
Manjrekar James,40676b27,350000,ca CAN,DF,dk Midtjylland,26,1993,1.0,0,0,0,,0.00,0.00,,,,0,0,0,0.0,0.0,,0.0,0.0
Reece James,1265a93a,40000000,eng ENG,DF,eng Chelsea,20,1999,6.3,0,4,0,0.0,0.63,0.00,0.00,,25.1,0,0,0,0.1,0.1,0.02,-0.1,-0.1
Tony Jantschke,34b54da7,1400000,de GER,DF,de M'Gladbach,30,1990,0.6,0,0,0,,0.00,0.00,,,,0,0,0,0.0,0.0,,0.0,0.0
Gabriel Jesus,b66315ae,60000000,br BRA,FW,eng Manchester City,23,1997,3.0,2,9,4,44.4,3.00,1.33,0.22,0.50,10.4,0,0,0,1.3,1.3,0.14,+0.7,+0.7
Curtis Jones,4fb9c88f,30000000,eng ENG,MF,eng Liverpool,19,2001,4.5,1,6,4,66.7,1.33,0.89,0.17,0.25,17.6,0,0,0,0.6,0.6,0.10,+0.4,+0.4
Frenkie de Jong,1bacc518,90000000,nl NED,MFDF,es Barcelona,23,1997,6.5,0,0,0,,0.00,0.00,,,,0,0,0,0.0,0.0,,0.0,0.0
Luuk de Jong,abb3bb95,10000000,nl NED,FW,es Sevilla,29,1990,4.2,2,12,6,50.0,2.86,1.43,0.17,0.33,9.1,0,0,0,1.2,1.2,0.10,+0.8,+0.8
Joan Jordán,2a0c8ba4,30000000,es ESP,MF,es Sevilla,26,1994,4.5,0,7,1,14.3,1.56,0.22,0.00,0.00,17.0,0,0,0,1.0,1.0,0.14,-1.0,-1.0
Jorginho,45db685d,40000000,it ITA,MF,eng Chelsea,28,1991,11.4,1,1,0,0.0,0.09,0.00,0.00,,49.3,0,1,2,1.5,0.0,0.01,-0.5,0.0
Diogo Jota,178ae8f8,45000000,pt POR,FW,eng Liverpool,23,1996,6.0,4,18,10,55.6,3.01,1.67,0.22,0.40,10.8,0,0,0,4.0,4.0,0.22,0.0,0.0
Luka Jović,4d8cd038,20000000,rs SRB,FW,es Real Madrid,22,1997,0.6,0,2,1,50.0,3.10,1.55,0.00,0.00,14.0,0,0,0,0.1,0.1,0.06,-0.1,-0.1
Vinicius Júnior,7111d552,40000000,br BRA,FW,es Real Madrid,20,2000,7.0,3,17,5,29.4,2.41,0.71,0.18,0.60,14.4,0,0,0,2.9,2.9,0.17,+0.1,+0.1
Zlatko Junuzović,dba67bc4,2500000,at AUT,MF,at RB Salzburg,32,1987,5.1,1,6,2,33.3,1.17,0.39,0.17,0.50,21.8,0,0,0,0.2,0.2,0.04,+0.8,+0.8
Sory Kaba,d29202c2,3000000,gn GUI,FW,dk Midtjylland,25,1995,5.1,0,8,0,0.0,1.58,0.00,0.00,,10.4,0,0,0,0.9,0.9,0.11,-0.9,-0.9
Ozan Kabak,2d61d13a,25000000,tr TUR,DF,eng Liverpool,20,2000,3.5,0,1,0,0.0,0.28,0.00,0.00,,7.3,0,0,0,0.1,0.1,0.10,-0.1,-0.1
İrfan Kahveci,d2800f47,11000000,tr TUR,MF,tr Başakşehir,25,1995,5.4,3,13,4,30.8,2.41,0.74,0.23,0.75,19.3,1,0,0,0.6,0.6,0.05,+2.4,+2.4
Felix Kalu Nmecha,091c86e2,700000,eng ENG,MF,eng Manchester City,19,2000,0.1,0,0,0,,0.00,0.00,,,,0,0,0,0.0,0.0,,0.0,0.0
François Kamano,81d3318f,6500000,gn GUI,MF,ru Loko Moscow,24,1996,2.0,0,2,0,0.0,1.01,0.00,0.00,,29.0,0,0,0,0.2,0.2,0.12,-0.2,-0.2
Boubacar Kamara,cc77354e,37000000,fr FRA,MF,fr Marseille,20,1999,4.3,0,3,0,0.0,0.70,0.00,0.00,,23.7,0,0,0,0.1,0.1,0.04,-0.1,-0.1
Ruslan Kambolov,768b28d0,1000000,ru RUS,MF,ru Krasnodar,30,1990,0.2,0,0,0,,0.00,0.00,,,,0,0,0,0.0,0.0,,0.0,0.0
Kevin Kampl,b825a650,10000000,si SVN,MF,de RB Leipzig,29,1990,4.1,0,3,1,33.3,0.73,0.24,0.00,0.00,24.1,0,0,0,0.2,0.2,0.05,-0.2,-0.2
N'Golo Kanté,b9fbae28,55000000,fr FRA,MF,eng Chelsea,29,1991,7.9,0,2,0,0.0,0.25,0.00,0.00,,8.5,0,0,0,0.2,0.2,0.12,-0.2,-0.2
Emre Kaplan,0eac2f24,150000,az AZE,DF,tr Başakşehir,19,2001,0.1,0,0,0,,0.00,0.00,,,,0,0,0,0.0,0.0,,0.0,0.0
Oleksandr Karavayev,1bd5735a,5000000,ua UKR,DF,ua Dynamo Kyiv,28,1992,2.5,0,1,1,100.0,0.40,0.40,0.00,0.00,13.4,0,0,0,0.2,0.2,0.17,-0.2,-0.2
Vyacheslav Karavayev,b0b902c8,7000000,ru RUS,DF,ru Zenit,25,1995,3.1,0,3,1,33.3,0.96,0.32,0.00,0.00,19.8,0,0,0,0.2,0.2,0.07,-0.2,-0.2
Moise Kean,3d50bcdb,35000000,it ITA,FW,fr Paris S-G,20,2000,4.9,3,11,5,45.5,2.24,1.02,0.27,0.60,14.0,0,0,0,1.4,1.4,0.13,+1.6,+1.6
Tomasz Kędziora,dc52c72f,5000000,pl POL,DF,ua Dynamo Kyiv,26,1994,6.0,0,1,1,100.0,0.17,0.17,0.00,0.00,9.4,0,0,0,0.0,0.0,0.04,0.0,0.0
Thilo Kehrer,51dbeea9,25000000,de GER,DF,fr Paris S-G,23,1996,0.8,0,0,0,,0.00,0.00,,,,0,0,0,0.0,0.0,,0.0,0.0
Naby Keïta,f25c8e3a,32000000,gn GUI,MF,eng Liverpool,25,1995,1.6,0,1,1,100.0,0.62,0.62,0.00,0.00,17.0,0,0,0,0.1,0.1,0.07,-0.1,-0.1
Caoimhín Kelleher,62d7ef38,2500000,ie IRL,GK,eng Liverpool,21,1998,2.0,0,0,0,,0.00,0.00,,,,0,0,0,0.0,0.0,,0.0,0.0
Mikhail Kerzhakov,2fabebc0,1500000,ru RUS,GK,ru Zenit,33,1987,6.0,0,0,0,,0.00,0.00,,,,0,0,0,0.0,0.0,,0.0,0.0
Ihor Kharatin,14e8fe86,2200000,ua UKR,MF,hu Ferencváros,25,1995,3.6,1,2,0,0.0,0.55,0.00,0.00,,18.1,0,1,1,0.9,0.2,0.09,+0.1,-0.2
Davit Khocholava,862fa9fb,3000000,ge GEO,DF,ua Shakhtar,27,1993,3.3,0,0,0,,0.00,0.00,,,,0,0,0,0.0,0.0,,0.0,0.0
Joshua Kimmich,49296448,90000000,de GER,MF,de Bayern Munich,25,1995,6.8,1,11,3,27.3,1.61,0.44,0.09,0.33,20.5,1,0,0,1.2,1.2,0.11,-0.2,-0.2
Presnel Kimpembe,aef6e670,40000000,fr FRA,DF,fr Paris S-G,24,1995,10.9,0,0,0,,0.00,0.00,,,,0,0,0,0.0,0.0,,0.0,0.0
Davy Klaassen,15fd5593,17000000,nl NED,MF,nl Ajax,27,1993,5.0,0,3,1,33.3,0.60,0.20,0.00,0.00,12.9,0,0,0,0.7,0.7,0.25,-0.7,-0.7
Sean Klaiber,f4ceb85b,4500000,sr SUR,DF,nl Ajax,26,1994,0.6,0,0,0,,0.00,0.00,,,,0,0,0,0.0,0.0,,0.0,0.0
Lukas Klostermann,ca8033cb,27000000,de GER,DF,de RB Leipzig,24,1996,2.0,0,2,0,0.0,1.00,0.00,0.00,,15.5,0,0,0,0.1,0.1,0.03,-0.1,-0.1
Justin Kluivert,4c3a6744,14000000,nl NED,FWMF,de RB Leipzig,21,1999,1.7,1,3,1,33.3,1.81,0.60,0.33,1.00,14.7,0,0,0,0.6,0.6,0.18,+0.4,+0.4
Ansgar Knauff,19a967ab,3000000,de GER,FW,de Dortmund,18,2002,1.5,0,0,0,,0.00,0.00,,,,0,0,0,0.0,0.0,,0.0,0.0
Sekou Koita,6747869d,12500000,ml MLI,FW,at RB Salzburg,20,1999,4.5,0,10,3,30.0,2.21,0.66,0.00,0.00,14.8,0,0,0,0.9,0.9,0.09,-0.9,-0.9
Koka,9fc2531b,4000000,eg EGY,FW,gr Olympiacos,27,1993,0.3,1,2,2,100.0,6.21,6.21,0.50,0.50,10.6,0,0,0,0.5,0.5,0.24,+0.5,+0.5
Koke,55126f3b,60000000,es ESP,MF,es Atlético Madrid,28,1992,7.4,0,8,0,0.0,1.09,0.00,0.00,,22.7,0,0,0,0.2,0.2,0.03,-0.2,-0.2
Aleksandar Kolarov,eda40760,1500000,rs SRB,DF,it Inter,34,1985,1.0,0,1,0,0.0,1.00,0.00,0.00,,23.7,1,0,0,0.1,0.1,0.05,-0.1,-0.1
Ibrahima Konaté,5ed9b537,35000000,fr FRA,DF,de RB Leipzig,21,1999,5.3,0,3,1,33.3,0.57,0.19,0.00,0.00,7.5,0,0,0,0.3,0.3,0.11,-0.3,-0.3
Viktor Korniienko,f38cc3b3,2000000,ua UKR,DF,ua Shakhtar,21,1999,3.0,0,2,0,0.0,0.67,0.00,0.00,,31.9,0,0,0,0.0,0.0,0.01,0.0,0.0
Odilon Kossonou,1f3afdcb,13000000,ci CIV,DF,be Club Brugge,19,2001,5.0,0,1,0,0.0,0.20,0.00,0.00,,10.0,0,0,0,0.0,0.0,0.04,0.0,0.0
Billy Koumetio,866c67e9,500000,fr FRA,DF,eng Liverpool,17,2002,0.5,0,0,0,,0.00,0.00,,,,0,0,0,0.0,0.0,,0.0,0.0
Jules Koundé,4d1666ff,60000000,fr FRA,DF,es Sevilla,21,1998,5.7,1,9,5,55.6,1.57,0.87,0.11,0.20,14.6,0,0,0,0.7,0.7,0.07,+0.3,+0.3
Adnan Kovačević,b79d8e93,800000,ba BIH,DF,hu Ferencváros,26,1993,1.9,0,0,0,,0.00,0.00,,,,0,0,0,0.0,0.0,,0.0,0.0
Mateo Kovačić,79c0821a,45000000,hr CRO,MF,eng Chelsea,26,1994,6.7,0,7,0,0.0,1.05,0.00,0.00,,23.1,0,0,0,0.4,0.4,0.05,-0.4,-0.4
Viktor Kovalenko,9d60028d,5000000,ua UKR,MF,ua Shakhtar,24,1996,2.4,0,2,0,0.0,0.82,0.00,0.00,,22.0,0,0,0,0.2,0.2,0.12,-0.2,-0.2
Bozhidar Kraev,8690eef7,1300000,bg BUL,MFFW,dk Midtjylland,23,1997,0.6,0,0,0,,0.00,0.00,,,,0,0,0,0.0,0.0,,0.0,0.0
Christoph Kramer,496aeede,7000000,de GER,MF,de M'Gladbach,29,1991,6.9,0,3,0,0.0,0.43,0.00,0.00,,15.5,0,0,0,0.2,0.2,0.06,-0.2,-0.2
Michal Krmenčík,43cd8b69,4000000,cz CZE,FW,be Club Brugge,27,1993,0.8,0,1,0,0.0,1.22,0.00,0.00,,59.2,0,0,0,0.0,0.0,0.02,0.0,0.0
Toni Kroos,6ce1f46f,40000000,de GER,MF,es Real Madrid,30,1990,10.7,0,14,5,35.7,1.31,0.47,0.00,0.00,26.4,0,0,0,0.4,0.4,0.03,-0.4,-0.4
Danil Krugovoy,a802405e,1500000,ru RUS,DF,ru Zenit,22,1998,1.8,0,0,0,,0.00,0.00,,,,0,0,0,0.0,0.0,,0.0,0.0
Grzegorz Krychowiak,580d52dd,15000000,pl POL,MF,ru Loko Moscow,30,1990,4.0,0,3,0,0.0,0.75,0.00,0.00,,27.7,0,0,0,0.1,0.1,0.02,-0.1,-0.1
Serhiy Kryvtsov,292a652a,4000000,ua UKR,DF,ua Shakhtar,29,1991,1.0,0,1,0,0.0,1.00,0.00,0.00,,10.0,0,0,0,0.1,0.1,0.12,-0.1,-0.1
Daniil Kulikov,c01f247a,2500000,ru RUS,MF,ru Loko Moscow,22,1998,4.0,0,1,1,100.0,0.25,0.25,0.00,0.00,17.8,0,0,0,0.0,0.0,0.02,0.0,0.0
Dejan Kulusevski,df3cda47,40000000,se SWE,FWMF,it Juventus,20,2000,3.0,0,6,2,33.3,2.01,0.67,0.00,0.00,15.1,0,0,0,0.3,0.3,0.05,-0.3,-0.3
Layvin Kurzawa,41e7ef1c,12000000,fr FRA,DF,fr Paris S-G,27,1992,4.2,0,4,2,50.0,0.95,0.48,0.00,0.00,16.2,0,0,0,0.5,0.5,0.12,-0.5,-0.5
Daler Kuzyaev,d4e93bab,8000000,ru RUS,MFFW,ru Zenit,27,1993,4.9,0,1,1,100.0,0.20,0.20,0.00,0.00,14.0,0,0,0,0.1,0.1,0.14,-0.1,-0.1
Zakaria Labyad,ebc56869,4000000,ma MAR,MFFW,nl Ajax,27,1993,2.0,0,5,2,40.0,2.46,0.98,0.00,0.00,16.8,1,0,0,1.2,1.2,0.24,-1.2,-1.2
Aïssa Laïdouni,22798128,2000000,tn TUN,MF,hu Ferencváros,23,1996,2.5,0,3,1,33.3,1.22,0.41,0.00,0.00,20.4,0,0,0,0.1,0.1,0.04,-0.1,-0.1
Stefan Lainer,4aea5077,12500000,at AUT,DF,de M'Gladbach,27,1992,7.6,0,1,1,100.0,0.13,0.13,0.00,0.00,23.7,0,0,0,0.0,0.0,0.02,0.0,0.0
Sam Lammers,c283ddef,6000000,nl NED,FW,it Atalanta,23,1997,0.1,0,0,0,,0.00,0.00,,,,0,0,0,0.0,0.0,,0.0,0.0
Michael Lang,864db10a,800000,ch SUI,DF,de M'Gladbach,29,1991,0.1,0,0,0,,0.00,0.00,,,,0,0,0,0.0,0.0,,0.0,0.0
Noa Lang,8e034340,22000000,nl NED,FWMF,be Club Brugge,21,1999,3.3,1,6,3,50.0,1.82,0.91,0.17,0.33,17.6,0,0,0,0.3,0.3,0.06,+0.7,+0.7
Aymeric Laporte,119b9a8e,45000000,es ESP,DF,eng Manchester City,26,1994,3.1,0,1,0,0.0,0.32,0.00,0.00,,8.0,0,0,0,0.1,0.1,0.12,-0.1,-0.1
Valentino Lazaro,016ff750,10000000,at AUT,FWDF,de M'Gladbach,24,1996,2.7,0,0,0,,0.00,0.00,,,,0,0,0,0.0,0.0,,0.0,0.0
Manuel Lazzari,02caf6e0,21000000,it ITA,DF,it Lazio,26,1993,3.6,0,1,1,100.0,0.28,0.28,0.00,0.00,13.0,0,0,0,0.4,0.4,0.42,-0.4,-0.4
James Lea Siliki,7cf431a5,4000000,cm CMR,MFFW,fr Rennes,24,1996,2.4,0,5,0,0.0,2.11,0.00,0.00,,15.2,0,0,0,0.6,0.6,0.13,-0.6,-0.6
Diogo Leite,c4987edc,10000000,pt POR,DF,pt Porto,21,1999,2.0,0,0,0,,0.00,0.00,,,,0,0,0,0.0,0.0,,0.0,0.0
Lucas Leiva,4c78b5ed,3500000,br BRA,MF,it Lazio,33,1987,3.9,0,2,0,0.0,0.51,0.00,0.00,,18.6,0,0,0,0.0,0.0,0.02,0.0,0.0
Thomas Lemar,4dbd0916,25000000,fr FRA,MFDF,es Atlético Madrid,24,1995,2.1,0,1,0,0.0,0.47,0.00,0.00,,3.6,0,0,0,0.3,0.3,0.26,-0.3,-0.3
Clément Lenglet,4f28a6ff,25000000,fr FRA,DF,es Barcelona,25,1995,6.2,0,1,0,0.0,0.16,0.00,0.00,,7.0,0,0,0,0.1,0.1,0.10,-0.1,-0.1
Robert Lewandowski,8d78e732,60000000,pl POL,FW,de Bayern Munich,31,1988,5.7,5,21,8,38.1,3.69,1.41,0.14,0.38,15.3,4,2,2,5.4,3.9,0.18,-0.4,-0.9
Bohdan Liedniev,b1dae700,2000000,ua UKR,MFFW,ua Dynamo Kyiv,22,1998,0.4,0,1,0,0.0,2.81,0.00,0.00,,21.0,0,0,0,0.1,0.1,0.06,-0.1,-0.1
Matthijs de Ligt,d6e53a3a,75000000,nl NED,DF,it Juventus,20,1999,4.5,0,1,0,0.0,0.22,0.00,0.00,,9.4,0,0,0,0.0,0.0,0.02,0.0,0.0
Victor Lindelöf,f5deef4c,24000000,se SWE,DF,eng Manchester Utd,26,1994,4.4,0,2,1,50.0,0.46,0.23,0.00,0.00,15.1,0,0,0,0.1,0.1,0.04,-0.1,-0.1
Vitaly Lisakovich,49b45985,1500000,by BLR,MF,ru Loko Moscow,22,1998,0.8,1,1,1,100.0,1.30,1.30,1.00,1.00,7.2,0,0,0,0.1,0.1,0.07,+0.9,+0.9
Marcos Llorente,02c15616,80000000,es ESP,MFDF,es Atlético Madrid,25,1995,7.3,1,11,3,27.3,1.51,0.41,0.09,0.33,18.9,0,0,0,0.9,0.9,0.08,+0.1,+0.1
Renan Lodi,ed9f7cfe,25000000,br BRA,DF,es Atlético Madrid,22,1998,4.2,0,3,2,66.7,0.71,0.47,0.00,0.00,21.0,0,0,0,0.1,0.1,0.04,-0.1,-0.1
Dejan Lovren,1a2935f6,10000000,hr CRO,DF,ru Zenit,31,1989,4.3,0,4,1,25.0,0.94,0.23,0.00,0.00,24.2,1,0,0,0.1,0.1,0.03,-0.1,-0.1
Gergő Lovrencsics,0176f037,650000,hu HUN,DF,hu Ferencváros,31,1988,4.1,0,6,0,0.0,1.46,0.00,0.00,,26.4,0,0,0,0.1,0.1,0.02,-0.1,-0.1
José Luis Palomino,921f6058,10000000,ar ARG,DF,it Atalanta,30,1990,2.3,0,0,0,,0.00,0.00,,,,0,0,0,0.0,0.0,,0.0,0.0
Zé Luís,520c318f,5000000,cv CPV,FW,ru Loko Moscow,29,1991,4.2,0,4,2,50.0,0.94,0.47,0.00,0.00,17.8,0,0,0,0.3,0.3,0.08,-0.3,-0.3
Romelu Lukaku,5eae500a,100000000,be BEL,FW,it Inter,27,1993,4.9,4,15,8,53.3,3.03,1.62,0.27,0.50,11.8,2,0,0,3.1,3.1,0.21,+0.9,+0.9
Senad Lulić,7fd58fe3,1000000,ba BIH,DF,it Lazio,34,1986,1.2,0,1,0,0.0,0.86,0.00,0.00,,18.4,0,0,0,0.0,0.0,0.04,0.0,0.0
Vitali Lystsov,22aba139,500000,ru RUS,DF,ru Loko Moscow,25,1995,0.5,0,0,0,,0.00,0.00,,,,0,0,0,0.0,0.0,,0.0,0.0
Yann M'Vila,d4133fa1,5000000,fr FRA,MF,gr Olympiacos,30,1990,5.9,0,2,0,0.0,0.34,0.00,0.00,,19.8,0,0,0,0.1,0.1,0.05,-0.1,-0.1
Awer Mabil,922da988,2500000,au AUS,FWMF,dk Midtjylland,24,1995,5.0,1,7,4,57.1,1.40,0.80,0.00,0.00,19.2,1,1,1,1.2,0.4,0.06,-0.2,-0.4
Nicolas Madsen,6d7e4b06,600000,dk DEN,MFFW,dk Midtjylland,20,2000,1.0,0,0,0,,0.00,0.00,,,,0,0,0,0.0,0.0,,0.0,0.0
Stanislav Magkeev,b088363d,1500000,ru RUS,MF,ru Loko Moscow,21,1999,2.2,0,1,0,0.0,0.46,0.00,0.00,,22.6,0,0,0,0.1,0.1,0.07,-0.1,-0.1
Harry Maguire,d8931174,45000000,eng ENG,DF,eng Manchester Utd,27,1993,5.0,0,3,0,0.0,0.60,0.00,0.00,,9.0,0,0,0,0.2,0.2,0.08,-0.2,-0.2
Riyad Mahrez,892d5bb1,42000000,dz ALG,FWMF,eng Manchester City,29,1991,9.0,4,25,10,40.0,2.77,1.11,0.12,0.30,15.6,1,1,1,4.5,3.7,0.15,-0.5,-0.7
Róbert Mak,73fc8cc3,1200000,sk SVK,FWMF,hu Ferencváros,29,1991,1.0,0,4,1,25.0,4.14,1.03,0.00,0.00,18.8,0,0,0,0.2,0.2,0.06,-0.2,-0.2
Malcom,6853490f,22000000,br BRA,FWMF,ru Zenit,23,1997,2.7,0,7,2,28.6,2.60,0.74,0.00,0.00,22.9,0,0,0,0.3,0.3,0.04,-0.3,-0.3
Ruslan Malinovskyi,48d5bd33,30000000,ua UKR,MF,it Atalanta,27,1993,1.5,0,5,2,40.0,3.31,1.32,0.00,0.00,24.9,0,0,0,0.2,0.2,0.04,-0.2,-0.2
Wilson Manafá,e27fdbca,7000000,pt POR,DF,pt Porto,26,1994,8.3,0,0,0,,0.00,0.00,,,,0,0,0,0.0,0.0,,0.0,0.0
Steve Mandanda,1d2d5cc8,2000000,fr FRA,GK,fr Marseille,35,1985,6.0,0,0,0,,0.00,0.00,,,,0,0,0,0.0,0.0,,0.0,0.0
Sadio Mané,c691bfe2,85000000,sn SEN,FW,eng Liverpool,28,1992,7.9,3,16,7,43.8,2.02,0.88,0.19,0.43,13.7,0,0,0,2.6,2.6,0.16,+0.4,+0.4
Faitout Maouassa,e54a9890,12000000,fr FRA,DF,fr Rennes,22,1998,0.9,0,1,0,0.0,1.08,0.00,0.00,,28.2,0,0,0,0.0,0.0,0.01,0.0,0.0
Marcelo,603116a7,7500000,br BRA,DF,es Real Madrid,32,1988,1.8,0,1,0,0.0,0.54,0.00,0.00,,26.0,0,0,0,0.0,0.0,0.03,0.0,0.0
Agustín Marchesín,853b7c48,9000000,ar ARG,GK,pt Porto,32,1988,9.3,0,0,0,,0.00,0.00,,,,0,0,0,0.0,0.0,,0.0,0.0
Moussa Marega,05a84d52,10000000,ml MLI,FW,pt Porto,29,1991,8.2,2,14,9,64.3,1.70,1.09,0.14,0.22,15.2,0,0,0,2.4,2.4,0.17,-0.4,-0.4
José María Giménez,f0da930c,60000000,uy URU,DF,es Atlético Madrid,25,1995,3.7,1,5,1,20.0,1.34,0.27,0.20,1.00,11.7,0,0,0,0.2,0.2,0.03,+0.8,+0.8
Mariano,5c4dc0ff,10000000,do DOM,FW,es Real Madrid,26,1993,1.2,0,3,2,66.7,2.50,1.67,0.00,0.00,13.1,0,0,0,0.2,0.2,0.05,-0.2,-0.2
Guilherme Marinato,a3b0ed18,1000000,ru RUS,GK,ru Loko Moscow,34,1985,6.0,0,0,0,,0.00,0.00,,,,0,0,0,0.0,0.0,,0.0,0.0
João Mário Lopes,82a39b66,4000000,pt POR,FWMF,pt Porto,20,2000,0.9,0,1,0,0.0,1.08,0.00,0.00,,19.9,0,0,0,0.0,0.0,0.03,0.0,0.0
Yevgeni Markov,c864997f,700000,ru RUS,FW,ru Krasnodar,26,1994,0.0,0,0,0,,0.00,0.00,,,,0,0,0,0.0,0.0,,0.0,0.0
Marlos,9139bb12,5000000,ua UKR,MF,ua Shakhtar,32,1988,4.7,0,3,1,33.3,0.63,0.21,0.00,0.00,16.9,0,0,0,0.6,0.6,0.19,-0.6,-0.6
Marquinhos,d5f2f82b,75000000,br BRA,DFMF,fr Paris S-G,26,1994,9.1,3,8,3,37.5,0.88,0.33,0.38,1.00,8.6,0,0,0,2.4,2.4,0.31,+0.6,+0.6
Anthony Martial,8b788c01,45000000,fr FRA,FW,eng Manchester Utd,24,1995,4.7,2,7,2,28.6,1.48,0.42,0.14,0.50,15.2,0,1,1,2.0,1.2,0.18,0.0,-0.2
Jonas Martin,468fdbad,2500000,fr FRA,MF,fr Rennes,30,1990,1.0,0,0,0,,0.00,0.00,,,,0,0,0,0.0,0.0,,0.0,0.0
Javi Martínez,7f97771d,5000000,es ESP,MF,de Bayern Munich,31,1988,2.1,0,1,0,0.0,0.47,0.00,0.00,,6.0,0,0,0,0.3,0.3,0.27,-0.3,-0.3
Lautaro Martínez,f7036e1c,80000000,ar ARG,FW,it Inter,22,1997,4.5,1,19,5,26.3,4.22,1.11,0.05,0.20,11.9,0,0,0,2.5,2.5,0.14,-1.5,-1.5
Lisandro Martínez,bac46a10,23000000,ar ARG,DF,nl Ajax,22,1998,3.3,0,2,1,50.0,0.60,0.30,0.00,0.00,19.5,0,0,0,0.2,0.2,0.08,-0.2,-0.2
Toni Martínez,f3945e07,6000000,es ESP,FW,pt Porto,23,1997,1.1,0,3,1,33.3,2.62,0.87,0.00,0.00,18.8,0,0,0,0.1,0.1,0.04,-0.1,-0.1
Alyaksandr Martynovich,675b0427,1200000,by BLR,DF,ru Krasnodar,32,1987,5.0,0,5,0,0.0,1.00,0.00,0.00,,16.5,0,0,0,0.3,0.3,0.05,-0.3,-0.3
Adam Marušić,d4535821,10000000,me MNE,DF,it Lazio,27,1992,8.0,0,2,1,50.0,0.25,0.12,0.00,0.00,16.0,0,0,0,0.1,0.1,0.05,-0.1,-0.1
Giorgos Masouras,9d689a5b,6000000,gr GRE,MFFW,gr Olympiacos,26,1994,3.2,0,2,0,0.0,0.63,0.00,0.00,,19.1,0,0,0,0.3,0.3,0.15,-0.3,-0.3
Clinton Mata,55abe554,10000000,ao ANG,DF,be Club Brugge,27,1992,5.9,0,2,0,0.0,0.34,0.00,0.00,,6.0,0,0,0,0.3,0.3,0.16,-0.3,-0.3
Juan Mata,29733c72,4000000,es ESP,FW,eng Manchester Utd,32,1988,0.7,0,0,0,,0.00,0.00,,,,0,0,0,0.0,0.0,,0.0,0.0
Nemanja Matić,eb7822d7,8000000,rs SRB,MFDF,eng Manchester Utd,31,1988,2.5,0,1,0,0.0,0.41,0.00,0.00,,10.0,0,0,0,0.0,0.0,0.04,0.0,0.0
Joël Matip,b217ef29,18000000,cm CMR,DF,eng Liverpool,28,1991,1.9,0,1,0,0.0,0.52,0.00,0.00,,10.0,0,0,0,0.0,0.0,0.04,0.0,0.0
Mykola Matviyenko,1adcf39e,11000000,ua UKR,DF,ua Shakhtar,24,1996,3.3,0,1,1,100.0,0.30,0.30,0.00,0.00,8.0,0,0,0,0.2,0.2,0.15,-0.2,-0.2
Eric Maxim Choupo-Moting,0e6bc38c,3500000,cm CMR,FW,de Bayern Munich,31,1989,4.3,4,12,7,58.3,2.82,1.64,0.33,0.57,12.0,0,0,0,2.0,2.0,0.17,+2.0,+2.0
Maycon,005ca692,7000000,br BRA,MF,ua Shakhtar,23,1997,4.1,0,2,0,0.0,0.49,0.00,0.00,,20.7,0,0,0,0.1,0.1,0.04,-0.1,-0.1
Noussair Mazraoui,b74277a0,17000000,ma MAR,DF,nl Ajax,22,1997,5.3,1,9,4,44.4,1.70,0.75,0.11,0.25,22.0,0,0,0,0.5,0.5,0.05,+0.5,+0.5
Kylian Mbappé,42fd9c7f,160000000,fr FRA,FW,fr Paris S-G,21,1998,10.0,8,29,12,41.4,2.90,1.20,0.21,0.50,15.4,0,2,2,6.1,4.6,0.16,+1.9,+1.4
Chancel Mbemba,e76cb9cc,16000000,cd COD,DF,pt Porto,25,1994,10.3,0,0,0,,0.00,0.00,,,,0,0,0,0.0,0.0,,0.0,0.0
Weston McKennie,01c3aff5,25000000,us USA,MF,it Juventus,21,1998,4.5,1,5,3,60.0,1.12,0.67,0.20,0.33,13.7,0,0,0,0.7,0.7,0.14,+0.3,+0.3
Scott McTominay,d93c2511,35000000,sct SCO,MF,eng Manchester Utd,23,1996,3.8,0,6,2,33.3,1.57,0.52,0.00,0.00,13.7,0,0,0,0.3,0.3,0.04,-0.3,-0.3
Brandon Mechele,0a6dbbf7,7000000,be BEL,DF,be Club Brugge,27,1993,2.0,0,0,0,,0.00,0.00,,,,0,0,0,0.0,0.0,,0.0,0.0
Arthur Melo,48b3dd60,40000000,br BRA,MF,it Juventus,23,1996,3.7,0,3,0,0.0,0.81,0.00,0.00,,24.3,0,0,0,0.1,0.1,0.03,-0.1,-0.1
Benjamin Mendy,5271c8f1,20000000,fr FRA,DF,eng Manchester City,26,1994,0.9,0,1,0,0.0,1.17,0.00,0.00,,27.5,0,0,0,0.0,0.0,0.02,0.0,0.0
Edouard Mendy,33887998,25000000,sn SEN,GK,eng Chelsea,28,1992,12.0,0,0,0,,0.00,0.00,,,,0,0,0,0.0,0.0,,0.0,0.0
Ferland Mendy,3cefcaef,50000000,fr FRA,DF,es Real Madrid,25,1995,10.7,1,6,3,50.0,0.56,0.28,0.17,0.33,17.8,0,0,0,0.3,0.3,0.04,+0.7,+0.7
Lionel Messi,d70ce98e,80000000,ar ARG,FWMF,es Barcelona,33,1987,6.0,5,32,15,46.9,5.33,2.50,0.03,0.07,22.3,8,4,5,6.3,2.5,0.08,-1.3,-1.5
Thomas Meunier,e162b013,12000000,be BEL,DF,de Dortmund,28,1991,3.9,0,2,0,0.0,0.52,0.00,0.00,,15.6,0,0,0,0.5,0.5,0.26,-0.5,-0.5
Simon Mignolet,d436eb94,8000000,be BEL,GK,be Club Brugge,32,1988,5.0,0,0,0,,0.00,0.00,,,,0,0,0,0.0,0.0,,0.0,0.0
Sergej Milinković-Savić,4e6dbac4,70000000,rs SRB,MF,it Lazio,25,1995,6.5,0,10,5,50.0,1.54,0.77,0.00,0.00,20.5,0,0,0,1.0,1.0,0.10,-1.0,-1.0
Éder Militão,2784f898,40000000,br BRA,DF,es Real Madrid,22,1998,5.3,0,1,0,0.0,0.19,0.00,0.00,,28.2,0,0,0,0.0,0.0,0.02,0.0,0.0
James Milner,2f90f6b8,3000000,eng ENG,MF,eng Liverpool,34,1986,4.0,0,5,1,20.0,1.24,0.25,0.00,0.00,21.3,0,0,0,0.2,0.2,0.05,-0.2,-0.2
Takumi Minamino,f833a830,12000000,jp JPN,MFFW,eng Liverpool,25,1995,2.1,0,3,2,66.7,1.45,0.97,0.00,0.00,16.5,0,0,0,0.4,0.4,0.12,-0.4,-0.4
Óscar Mingueza,056269d7,15000000,es ESP,DF,es Barcelona,21,1999,2.7,0,2,0,0.0,0.74,0.00,0.00,,6.4,0,0,0,0.1,0.1,0.05,-0.1,-0.1
Aleksei Miranchuk,a9aa0d1d,15000000,ru RUS,FWMF,it Atalanta,24,1995,0.3,1,1,1,100.0,3.75,3.75,1.00,1.00,17.7,0,0,0,0.1,0.1,0.07,+0.9,+0.9
Anton Miranchuk,807e869a,12000000,ru RUS,MF,ru Loko Moscow,24,1995,5.1,3,5,2,40.0,0.99,0.39,0.20,0.50,22.1,0,2,2,2.2,0.7,0.14,+0.8,+0.3
Luka Modrić,6025fab1,10000000,hr CRO,MF,es Real Madrid,34,1985,10.1,1,12,3,25.0,1.18,0.30,0.08,0.33,21.8,0,0,0,0.8,0.8,0.06,+0.2,+0.2
Kudus Mohammed,b62878a5,15000000,gh GHA,FW,nl Ajax,19,2000,0.1,0,0,0,,0.00,0.00,,,,0,0,0,0.0,0.0,,0.0,0.0
Johan Mojica,608f2092,2000000,co COL,DF,it Atalanta,27,1992,1.1,0,0,0,,0.00,0.00,,,,0,0,0,0.0,0.0,,0.0,0.0
Júnior Moraes,c43e5e7e,2000000,ua UKR,FW,ua Shakhtar,33,1987,1.8,0,2,1,50.0,1.13,0.57,0.00,0.00,17.0,0,0,0,0.1,0.1,0.07,-0.1,-0.1
Álvaro Morata,129af0db,45000000,es ESP,FW,it Juventus,27,1992,6.6,6,18,11,61.1,2.71,1.66,0.33,0.55,14.1,0,0,0,3.1,3.1,0.17,+2.9,+2.9
Mateu Morey,5fd5e542,7000000,es ESP,DF,de Dortmund,20,2000,5.0,0,0,0,,0.00,0.00,,,,0,0,0,0.0,0.0,,0.0,0.0
Ilaix Moriba,f4c69aa6,25000000,gn GUI,MF,es Barcelona,17,2003,0.1,0,0,0,,0.00,0.00,,,,0,0,0,0.0,0.0,,0.0,0.0
Andrei Mostovoy,dfb50e5c,3000000,ru RUS,FWDF,ru Zenit,22,1997,2.2,0,4,0,0.0,1.83,0.00,0.00,,19.3,0,0,0,0.4,0.4,0.10,-0.4,-0.4
Youssoufa Moukoko,6ce43701,18000000,de GER,FW,de Dortmund,15,2004,0.4,0,0,0,,0.00,0.00,,,,0,0,0,0.0,0.0,,0.0,0.0
Mason Mount,9674002f,75000000,eng ENG,MFFW,eng Chelsea,21,1999,8.4,2,12,4,33.3,1.43,0.48,0.17,0.50,15.8,0,0,0,1.8,1.8,0.15,+0.2,+0.2
Maksim Mukhin,90463dba,2500000,ru RUS,MF,ru Loko Moscow,18,2001,0.5,0,1,0,0.0,2.00,0.00,0.00,,28.5,0,0,0,0.0,0.0,0.01,0.0,0.0
Nordi Mukiele,ac73ec79,25000000,fr FRA,DF,de RB Leipzig,22,1997,6.1,1,4,2,50.0,0.66,0.33,0.25,0.50,13.5,0,0,0,0.3,0.3,0.07,+0.7,+0.7
Thomas Müller,3c6089ab,30000000,de GER,MFFW,de Bayern Munich,30,1989,7.0,2,11,6,54.5,1.57,0.86,0.09,0.17,13.2,0,1,1,2.1,1.3,0.12,-0.1,-0.3
Luis Muriel,eb2fe5b6,30000000,co COL,FW,it Atalanta,29,1991,3.9,3,11,6,54.5,2.84,1.55,0.27,0.50,18.0,1,0,0,1.4,1.4,0.13,+1.6,+1.6
Vedat Muriqi,0cadc46d,9000000,xk KVX,FW,it Lazio,26,1994,2.0,0,5,1,20.0,2.47,0.49,0.00,0.00,14.0,0,0,0,0.6,0.6,0.13,-0.6,-0.6
Mateo Musacchio,91899ca8,2000000,ar ARG,DF,it Lazio,29,1990,0.3,0,0,0,,0.00,0.00,,,,0,0,0,0.0,0.0,,0.0,0.0
Leon Musayev,dca7b0fb,800000,ru RUS,DFMF,ru Zenit,21,1999,0.6,0,0,0,,0.00,0.00,,,,0,0,0,0.0,0.0,,0.0,0.0
Jamal Musiala,2c0558b8,38000000,de GER,MF,de Bayern Munich,17,2003,2.6,1,2,1,50.0,0.77,0.38,0.50,1.00,18.3,0,0,0,0.1,0.1,0.07,+0.9,+0.9
Enock Mwepu,1d5cab82,13000000,zm ZAM,MFFW,at RB Salzburg,22,1998,5.8,0,14,7,50.0,2.43,1.21,0.00,0.00,17.4,0,0,0,1.6,1.6,0.12,-1.6,-1.6
Vitaliy Mykolenko,30d4a2e5,17000000,ua UKR,DF,ua Dynamo Kyiv,21,1999,3.9,0,1,0,0.0,0.25,0.00,0.00,,23.6,0,0,0,0.0,0.0,0.02,0.0,0.0
Joakim Mæhle,c459a650,13000000,dk DEN,DFMF,it Atalanta,23,1997,1.9,0,2,1,50.0,1.03,0.52,0.00,0.00,17.2,0,0,0,0.2,0.2,0.10,-0.2,-0.2
Nacho,2946f9a1,10000000,es ESP,DF,es Real Madrid,30,1990,8.0,0,5,2,40.0,0.62,0.25,0.00,0.00,9.3,0,0,0,0.3,0.3,0.06,-0.3,-0.3
Yuto Nagatomo,4b6960d2,800000,jp JPN,DFMF,fr Marseille,33,1986,1.1,0,0,0,,0.00,0.00,,,,0,0,0,0.0,0.0,,0.0,0.0
Radja Nainggolan,1f9328da,5000000,be BEL,MF,it Inter,32,1988,0.0,0,0,0,,0.00,0.00,,,,0,0,0,0.0,0.0,,0.0,0.0
Shoya Nakajima,be60b6f4,3500000,jp JPN,FWMF,pt Porto,25,1994,0.8,0,1,0,0.0,1.23,0.00,0.00,,23.6,0,0,0,0.0,0.0,0.02,0.0,0.0
Jesús Navas,3f10bd22,3000000,es ESP,DF,es Sevilla,34,1985,5.1,0,2,2,100.0,0.39,0.39,0.00,0.00,19.6,0,0,0,0.1,0.1,0.04,-0.1,-0.1
Keylor Navas,ecada4fc,12000000,cr CRC,GK,fr Paris S-G,33,1986,12.0,0,0,0,,0.00,0.00,,,,0,0,0,0.0,0.0,,0.0,0.0
Loum Ndiaye,bcfc4473,2500000,sn SEN,MF,pt Porto,23,1996,0.1,0,0,0,,0.00,0.00,,,,0,0,0,0.0,0.0,,0.0,0.0
David Neres,4f1e6a0b,27000000,br BRA,FW,nl Ajax,23,1997,3.4,1,5,2,40.0,1.45,0.58,0.20,0.50,15.9,0,0,0,0.5,0.5,0.10,+0.5,+0.5
Ruslan Neshcheret,0880e10b,1000000,ua UKR,GK,ua Dynamo Kyiv,18,2002,1.0,0,0,0,,0.00,0.00,,,,0,0,0,0.0,0.0,,0.0,0.0
Neto,a9dc785c,6000000,br BRA,GK,es Barcelona,31,1989,3.0,0,0,0,,0.00,0.00,,,,0,0,0,0.0,0.0,,0.0,0.0
Manuel Neuer,8778c910,18000000,de GER,GK,de Bayern Munich,34,1986,8.0,0,0,0,,0.00,0.00,,,,0,0,0,0.0,0.0,,0.0,0.0
Florian Neuhaus,36a59ba4,35000000,de GER,MF,de M'Gladbach,23,1997,7.8,0,10,4,40.0,1.29,0.52,0.00,0.00,23.1,0,0,0,0.8,0.8,0.08,-0.8,-0.8
Neymar,69384e5d,100000000,br BRA,FWMF,fr Paris S-G,28,1992,8.3,6,30,16,53.3,3.63,1.94,0.17,0.31,18.0,4,1,1,5.1,4.3,0.14,+0.9,+0.7
Tokmac Nguen,36a79857,2800000,no NOR,FWMF,hu Ferencváros,26,1993,5.1,1,12,3,25.0,2.37,0.59,0.08,0.33,21.3,0,0,0,0.9,0.9,0.07,+0.1,+0.1
M'Baye Niang,2054d037,4500000,sn SEN,FW,fr Rennes,25,1994,1.1,0,6,1,16.7,5.40,0.90,0.00,0.00,16.2,0,0,0,0.5,0.5,0.08,-0.5,-0.5
Saúl Ñíguez,c14bc029,40000000,es ESP,MF,es Atlético Madrid,25,1994,5.1,0,6,1,16.7,1.17,0.20,0.00,0.00,25.8,0,0,0,0.2,0.2,0.03,-0.2,-0.2
Rasmus Nissen,39769cff,8500000,dk DEN,DF,at RB Salzburg,23,1997,5.0,0,4,0,0.0,0.80,0.00,0.00,,15.8,0,0,0,0.2,0.2,0.05,-0.2,-0.2
Christopher Nkunku,7c56da38,43000000,fr FRA,MFFW,de RB Leipzig,22,1997,6.5,1,6,4,66.7,0.93,0.62,0.17,0.25,19.1,0,0,0,0.4,0.4,0.06,+0.6,+0.6
Alexander Nübel,afb0c500,6000000,de GER,GK,de Bayern Munich,23,1996,2.0,0,0,0,,0.00,0.00,,,,0,0,0,0.0,0.0,,0.0,0.0
Gerzino Nyamsi,6043997c,3500000,fr FRA,DF,fr Rennes,23,1997,2.0,0,4,2,50.0,2.00,1.00,0.00,0.00,8.9,0,0,0,0.3,0.3,0.07,-0.3,-0.3
Steven Nzonzi,c7526c18,8000000,fr FRA,MF,fr Rennes,31,1988,4.7,0,1,0,0.0,0.21,0.00,0.00,,22.0,0,0,0,0.1,0.1,0.08,-0.1,-0.1
Jan Oblak,ee8508c0,70000000,si SVN,GK,es Atlético Madrid,27,1993,8.0,0,0,0,,0.00,0.00,,,,0,0,0,0.0,0.0,,0.0,0.0
Lucas Ocampos,a08b974a,40000000,ar ARG,FWDF,es Sevilla,26,1994,5.0,0,14,5,35.7,2.80,1.00,0.00,0.00,17.2,0,0,0,1.0,1.0,0.07,-1.0,-1.0
Álvaro Odriozola,1d1691ad,10000000,es ESP,DF,es Real Madrid,24,1995,0.4,0,0,0,,0.00,0.00,,,,0,0,0,0.0,0.0,,0.0,0.0
Noah Okafor,ca607d59,6500000,ch SUI,FWMF,at RB Salzburg,20,2000,0.6,0,2,1,50.0,3.10,1.55,0.00,0.00,14.3,0,0,0,0.2,0.2,0.12,-0.2,-0.2
David Okereke,d125f22f,2800000,ng NGA,MFFW,be Club Brugge,22,1997,0.3,0,1,0,0.0,3.33,0.00,0.00,,20.0,0,0,0,0.1,0.1,0.06,-0.1,-0.1
Masaya Okugawa,63b9cc6d,2500000,jp JPN,MFFW,at RB Salzburg,24,1996,0.5,1,2,2,100.0,4.00,4.00,0.50,0.50,14.6,0,0,0,0.5,0.5,0.26,+0.5,+0.5
Sérgio Oliveira,947e036f,19000000,pt POR,MF,pt Porto,28,1992,8.2,5,10,7,70.0,1.23,0.86,0.20,0.29,26.5,1,3,3,2.9,0.6,0.06,+2.1,+1.4
Dani Olmo,ae44e8e2,45000000,es ESP,FWMF,de RB Leipzig,22,1998,6.5,1,11,3,27.3,1.70,0.46,0.09,0.33,16.4,0,0,0,0.9,0.9,0.08,+0.1,+0.1
Kristoffer Olsson,fa73ccc7,3500000,se SWE,MFFW,ru Krasnodar,25,1995,4.5,0,2,1,50.0,0.44,0.22,0.00,0.00,25.0,1,0,0,0.1,0.1,0.06,-0.1,-0.1
André Onana,e9c0c1b2,30000000,cm CMR,GK,nl Ajax,24,1996,6.0,0,0,0,,0.00,0.00,,,,0,0,0,0.0,0.0,,0.0,0.0
Jérôme Onguéné,e81f0356,3500000,cm CMR,DF,at RB Salzburg,22,1997,0.5,0,0,0,,0.00,0.00,,,,0,0,0,0.0,0.0,,0.0,0.0
Frank Onyeka,2944f86f,6000000,ng NGA,MF,dk Midtjylland,22,1998,5.6,0,5,0,0.0,0.89,0.00,0.00,,21.0,0,0,0,0.6,0.6,0.12,-0.6,-0.6
Willi Orban,20030c06,16000000,hu HUN,DF,de RB Leipzig,27,1992,3.6,0,1,0,0.0,0.28,0.00,0.00,,9.0,0,0,0,0.1,0.1,0.05,-0.1,-0.1
Divock Origi,43a166b4,12000000,be BEL,FW,eng Liverpool,25,1995,2.3,0,2,0,0.0,0.86,0.00,0.00,,15.8,0,0,0,0.1,0.1,0.07,-0.1,-0.1
Otávio,28b1f3ce,24000000,pt POR,MFFW,pt Porto,25,1995,7.8,1,4,2,50.0,0.51,0.26,0.00,0.00,19.3,0,1,1,0.9,0.1,0.03,+0.1,-0.1
Alex Oxlade-Chamberlain,38c7feef,18000000,eng ENG,MFFW,eng Liverpool,26,1993,0.3,0,0,0,,0.00,0.00,,,,0,0,0,0.0,0.0,,0.0,0.0
Berkay Özcan,31114001,3500000,tr TUR,MF,tr Başakşehir,22,1998,4.9,0,1,0,0.0,0.20,0.00,0.00,,21.0,0,0,0,0.1,0.1,0.08,-0.1,-0.1
Magomed Ozdoyev,3ef0af0d,5000000,ru RUS,MF,ru Zenit,27,1992,3.5,0,4,1,25.0,1.13,0.28,0.00,0.00,20.1,0,0,0,0.2,0.2,0.05,-0.2,-0.2
Cole Palmer,dc7f8a28,500000,eng ENG,MF,eng Manchester City,18,2002,0.1,0,0,0,,0.00,0.00,,,,0,0,0,0.0,0.0,,0.0,0.0
Emerson Palmieri,e0bc6fdc,12000000,it ITA,DF,eng Chelsea,25,1994,2.4,1,3,2,66.7,1.23,0.82,0.33,0.50,21.2,0,0,0,0.3,0.3,0.09,+0.7,+0.7
Kaio Pantaleão,a9be27f2,1800000,br BRA,DF,ru Krasnodar,24,1995,5.8,0,3,0,0.0,0.52,0.00,0.00,,7.3,0,0,0,0.6,0.6,0.19,-0.6,-0.6
Leandro Paredes,dff153a4,20000000,ar ARG,MF,fr Paris S-G,26,1994,7.4,0,5,0,0.0,0.67,0.00,0.00,,21.2,0,0,0,0.3,0.3,0.06,-0.3,-0.3
Marco Parolo,ed5886d2,1000000,it ITA,MFDF,it Lazio,35,1985,2.7,2,4,2,50.0,1.46,0.73,0.50,1.00,12.0,0,0,0,0.6,0.6,0.15,+1.4,+1.4
Mario Pašalić,e599253a,23000000,hr CRO,MF,it Atalanta,25,1995,3.1,0,4,3,75.0,1.28,0.96,0.00,0.00,15.5,0,0,0,0.6,0.6,0.15,-0.6,-0.6
Felix Passlack,5c899683,2500000,de GER,DFFW,de Dortmund,22,1998,1.3,0,1,0,0.0,0.75,0.00,0.00,,25.0,0,0,0,0.0,0.0,0.02,0.0,0.0
Alfonso Pastor,14e05913,250000,es ESP,GK,es Sevilla,19,2000,1.0,0,0,0,,0.00,0.00,,,,0,0,0,0.0,0.0,,0.0,0.0
Patric,f7223718,6500000,es ESP,DF,it Lazio,27,1993,4.7,0,2,1,50.0,0.42,0.21,0.00,0.00,30.4,0,0,0,0.0,0.0,0.02,0.0,0.0
Alan Patrick,00672021,8000000,br BRA,MF,ua Shakhtar,29,1991,1.8,0,1,0,0.0,0.56,0.00,0.00,,26.2,0,0,0,0.0,0.0,0.02,0.0,0.0
Giuliano de Paula,ab1b205d,3100000,br BRA,MFFW,tr Başakşehir,30,1990,0.9,0,1,0,0.0,1.06,0.00,0.00,,24.0,0,0,0,0.0,0.0,0.02,0.0,0.0
Paulinho,f3fa599d,1500000,br BRA,DF,dk Midtjylland,25,1995,5.3,0,1,1,100.0,0.19,0.19,0.00,0.00,19.7,0,0,0,0.0,0.0,0.03,0.0,0.0
Benjamin Pavard,45a03961,35000000,fr FRA,DF,de Bayern Munich,24,1996,6.3,0,6,3,50.0,0.95,0.48,0.00,0.00,20.7,0,0,0,0.5,0.5,0.08,-0.5,-0.5
Dimitri Payet,58ae47b2,5000000,fr FRA,FWMF,fr Marseille,33,1987,3.8,2,6,3,50.0,1.59,0.79,0.00,0.00,33.3,1,2,3,2.5,0.2,0.03,-0.5,-0.2
Pedri,0d9b2d31,70000000,es ESP,MFFW,es Barcelona,17,2002,5.5,1,5,2,40.0,0.92,0.37,0.20,0.50,14.8,0,0,0,0.9,0.9,0.18,+0.1,+0.1
Timothee Pembele,f8ce97ca,4000000,fr FRA,DF,fr Paris S-G,17,2002,0.1,0,0,0,,0.00,0.00,,,,0,0,0,0.0,0.0,,0.0,0.0
Carlos de Pena,6b915aa1,3500000,uy URU,MFFW,ua Dynamo Kyiv,28,1992,3.6,1,6,4,66.7,1.66,1.10,0.17,0.25,21.8,0,0,0,0.8,0.8,0.13,+0.2,+0.2
Pepe,c906ce0f,1000000,pt POR,DF,pt Porto,37,1983,6.3,0,3,2,66.7,0.47,0.32,0.00,0.00,9.2,0,0,0,0.3,0.3,0.10,-0.3,-0.3
Andreas Pereira,6639e500,8000000,br BRA,FWMF,it Lazio,24,1996,1.5,0,3,1,33.3,1.96,0.65,0.00,0.00,24.5,1,0,0,0.2,0.2,0.05,-0.2,-0.2
Danilo Pereira,8fd9996f,20000000,pt POR,DFMF,fr Paris S-G,28,1991,8.7,0,0,0,,0.00,0.00,,,,0,0,0,0.0,0.0,,0.0,0.0
Ivan Perišić,6fe90922,10000000,hr CRO,FWDF,it Inter,31,1989,2.7,1,6,2,33.3,2.20,0.73,0.17,0.50,13.4,0,0,0,0.5,0.5,0.09,+0.5,+0.5
Matteo Pessina,780e3631,20000000,it ITA,MF,it Atalanta,23,1997,5.4,0,4,0,0.0,0.74,0.00,0.00,,16.9,0,0,0,0.4,0.4,0.09,-0.4,-0.4
Sergei Petrov,17145c90,3500000,ru RUS,DF,ru Krasnodar,29,1991,0.8,0,0,0,,0.00,0.00,,,,0,0,0,0.0,0.0,,0.0,0.0
Luca Pfeiffer,83e1f40e,500000,de GER,FWMF,dk Midtjylland,23,1996,0.2,0,2,1,50.0,8.57,4.29,0.00,0.00,12.3,0,0,0,0.3,0.3,0.13,-0.3,-0.3
Nathaniel Phillips,515ebe8d,8000000,eng ENG,DF,eng Liverpool,23,1997,3.0,0,2,0,0.0,0.67,0.00,0.00,,8.5,0,0,0,0.1,0.1,0.03,-0.1,-0.1
Andrea Pinamonti,08aa9cd1,12000000,it ITA,DF,it Inter,21,1999,0.1,0,0,0,,0.00,0.00,,,,0,0,0,0.0,0.0,,0.0,0.0
Gerard Piqué,adfc9123,10000000,es ESP,DF,es Barcelona,33,1987,2.6,1,1,1,100.0,0.38,0.38,1.00,1.00,9.0,0,0,0,0.1,0.1,0.10,+0.9,+0.9
Łukasz Piszczek,fe2db476,22000000,pl POL,DF,de Dortmund,35,1985,2.5,1,2,2,100.0,0.80,0.80,0.50,0.50,6.1,0,0,0,0.7,0.7,0.36,+0.3,+0.3
Miralem Pjanić,ad6df2d5,750000,ba BIH,MF,es Barcelona,30,1990,5.5,0,8,1,12.5,1.46,0.18,0.00,0.00,25.0,0,0,0,0.3,0.3,0.04,-0.3,-0.3
Alassane Pléa,bc6bd723,20000000,fr FRA,FW,de M'Gladbach,27,1993,6.0,5,16,7,43.8,2.67,1.17,0.31,0.71,15.4,1,0,0,2.6,2.6,0.16,+2.4,+2.4
Paul Pogba,867239d3,60000000,fr FRA,MF,eng Manchester Utd,27,1993,2.0,0,5,0,0.0,2.49,0.00,0.00,,23.0,0,0,0,0.1,0.1,0.02,-0.1,-0.1
Carlos Ponck,b1579026,900000,cv CPV,DF,tr Başakşehir,25,1995,2.1,0,1,0,0.0,0.49,0.00,0.00,,11.0,0,0,0,0.0,0.0,0.04,0.0,0.0
Denys Popov,67f0703d,3500000,ua UKR,DF,ua Dynamo Kyiv,21,1999,4.6,1,1,1,100.0,0.22,0.22,1.00,1.00,8.0,0,0,0,0.1,0.1,0.08,+0.9,+0.9
Yussuf Poulsen,d2416c2e,21000000,dk DEN,FW,de RB Leipzig,26,1994,5.6,1,6,2,33.3,1.06,0.35,0.17,0.50,12.2,0,0,0,0.5,0.5,0.08,+0.5,+0.5
Danila Prokhin,256ac8f4,1200000,ru RUS,DF,ru Zenit,19,2001,2.0,0,0,0,,0.00,0.00,,,,0,0,0,0.0,0.0,,0.0,0.0
Quincy Promes,b182a240,15000000,nl NED,FWDF,nl Ajax,28,1992,2.8,0,5,2,40.0,1.81,0.73,0.00,0.00,20.0,0,0,0,0.8,0.8,0.16,-0.8,-0.8
Riqui Puig,f090a37a,18000000,es ESP,MFFW,es Barcelona,20,1999,1.0,0,3,0,0.0,3.03,0.00,0.00,,18.0,0,0,0,0.5,0.5,0.17,-0.5,-0.5
Christian Pulisic,1bf33a9a,50000000,us USA,FWMF,eng Chelsea,21,1998,4.7,2,15,4,26.7,3.19,0.85,0.13,0.50,12.7,0,0,0,2.3,2.3,0.16,-0.3,-0.3
Andriy Pyatov,34c3b935,1000000,ua UKR,GK,ua Shakhtar,36,1984,1.0,0,0,0,,0.00,0.00,,,,0,0,0,0.0,0.0,,0.0,0.0
Adrien Rabiot,8794e251,30000000,fr FRA,MF,it Juventus,25,1995,5.6,1,7,4,57.1,1.26,0.72,0.14,0.25,22.8,0,0,0,0.2,0.2,0.03,+0.8,+0.8
Nemanja Radonjić,0630eb63,6000000,rs SRB,FW,fr Marseille,24,1996,1.0,0,1,1,100.0,0.98,0.98,0.00,0.00,29.0,0,0,0,0.0,0.0,0.02,0.0,0.0
Ștefan Radu,53de807a,2000000,ro ROU,DF,it Lazio,33,1986,1.5,0,1,0,0.0,0.67,0.00,0.00,,9.5,0,0,0,0.1,0.1,0.06,-0.1,-0.1
Rafael,9a1f2e1c,2700000,br BRA,DF,tr Başakşehir,30,1990,5.7,0,2,1,50.0,0.35,0.17,0.00,0.00,23.3,0,0,0,0.1,0.1,0.03,-0.1,-0.1
Rafinha,d003e213,15000000,br BRA,DF,gr Olympiacos,34,1985,6.0,0,1,0,0.0,0.17,0.00,0.00,,22.1,0,0,0,0.0,0.0,0.02,0.0,0.0
Rafinha,0c2ac3cb,1000000,br BRA,MF,fr Paris S-G,27,1993,1.4,0,3,2,66.7,2.08,1.38,0.00,0.00,20.1,0,0,0,0.2,0.2,0.07,-0.2,-0.2
Slobodan Rajković,9686fc54,300000,rs SRB,DF,ru Loko Moscow,31,1989,3.0,0,1,0,0.0,0.33,0.00,0.00,,7.2,0,0,0,0.1,0.1,0.06,-0.1,-0.1
Ivan Rakitić,89f951b5,10000000,hr CRO,MF,es Sevilla,32,1988,5.1,2,9,3,33.3,1.77,0.59,0.22,0.67,20.6,1,0,0,0.5,0.5,0.06,+1.5,+1.5
Yaroslav Rakitskiy,47fd5136,6000000,ua UKR,DF,ru Zenit,30,1989,5.2,0,2,0,0.0,0.38,0.00,0.00,,28.7,0,0,0,0.0,0.0,0.02,0.0,0.0
André Ramalho,7483d9f9,3000000,br BRA,DF,at RB Salzburg,28,1992,6.0,0,7,2,28.6,1.17,0.33,0.00,0.00,16.2,0,0,0,0.3,0.3,0.04,-0.3,-0.3
Cristian Ramírez,8a1d7b51,6000000,ec ECU,DFMF,ru Krasnodar,25,1994,5.5,1,7,2,28.6,1.27,0.36,0.14,0.50,24.4,0,0,0,0.2,0.2,0.03,+0.8,+0.8
Sergio Ramos,08511d65,10000000,es ESP,DF,es Real Madrid,34,1986,4.7,2,4,2,50.0,0.85,0.43,0.25,0.50,11.9,0,1,1,1.0,0.2,0.06,+1.0,+0.8
Aaron Ramsey,ef619b0b,14000000,wls WAL,MF,it Juventus,29,1990,4.0,0,8,2,25.0,2.02,0.50,0.00,0.00,18.0,0,0,0,0.5,0.5,0.06,-0.5,-0.5
Lazar Ranđelović,1dbfae2d,2000000,rs SRB,FWMF,gr Olympiacos,22,1997,2.6,0,2,1,50.0,0.76,0.38,0.00,0.00,15.4,0,0,0,0.1,0.1,0.06,-0.1,-0.1
Marcus Rashford,a1d5bd30,85000000,eng ENG,FW,eng Manchester Utd,22,1997,4.6,6,18,11,61.1,3.91,2.39,0.28,0.45,19.9,1,1,1,3.1,2.4,0.13,+2.9,+2.6
Pepe Reina,e358587b,800000,es ESP,GK,it Lazio,37,1982,7.0,0,0,0,,0.00,0.00,,,,0,0,0,0.0,0.0,,0.0,0.0
Reinier,6b21b7b5,16000000,br BRA,MFFW,de Dortmund,18,2002,0.2,0,0,0,,0.00,0.00,,,,0,0,0,0.0,0.0,,0.0,0.0
Karim Rekik,3376a776,3000000,nl NED,DF,es Sevilla,25,1994,2.4,0,1,1,100.0,0.41,0.41,0.00,0.00,6.0,0,0,0,0.6,0.6,0.58,-0.6,-0.6
Marco Reus,36a3ff67,13000000,de GER,FWMF,de Dortmund,31,1989,7.7,1,13,3,23.1,1.69,0.39,0.08,0.33,17.4,2,0,0,1.2,1.2,0.09,-0.2,-0.2
Gio Reyna,7fa4e703,38000000,us USA,FWMF,de Dortmund,17,2002,5.1,0,6,1,16.7,1.18,0.20,0.00,0.00,16.0,0,0,0,0.5,0.5,0.08,-0.5,-0.5
Federico Ricca,54f5ce34,3000000,uy URU,DF,be Club Brugge,25,1994,3.0,0,0,0,,0.00,0.00,,,,0,0,0,0.0,0.0,,0.0,0.0
Chris Richards,0a3d6d2b,7500000,us USA,DF,de Bayern Munich,20,2000,1.4,0,0,0,,0.00,0.00,,,,0,0,0,0.0,0.0,,0.0,0.0
Mats Rits,733e7ad8,5500000,be BEL,MF,be Club Brugge,27,1993,3.6,0,2,1,50.0,0.56,0.28,0.00,0.00,9.0,0,0,0,0.1,0.1,0.05,-0.1,-0.1
Sergi Roberto,335fa267,18000000,es ESP,DFMF,es Barcelona,28,1992,2.0,0,1,1,100.0,0.49,0.49,0.00,0.00,5.4,0,0,0,0.2,0.2,0.25,-0.2,-0.2
Andrew Robertson,2e4f5f03,65000000,sct SCO,DF,eng Liverpool,26,1994,8.4,0,4,0,0.0,0.48,0.00,0.00,,26.9,0,0,0,0.1,0.1,0.02,-0.1,-0.1
Marc Roca,da27e268,10000000,es ESP,MF,de Bayern Munich,23,1996,1.7,0,1,0,0.0,0.58,0.00,0.00,,27.5,0,0,0,0.0,0.0,0.01,0.0,0.0
Rodri,6434f10d,70000000,es ESP,MF,eng Manchester City,24,1996,8.7,0,5,2,40.0,0.57,0.23,0.00,0.00,21.5,0,0,0,0.2,0.2,0.03,-0.2,-0.2
Gerson Rodrigues,3814b753,3000000,lu LUX,FWMF,ua Dynamo Kyiv,25,1995,2.0,0,2,1,50.0,1.01,0.51,0.00,0.00,24.4,0,0,0,0.1,0.1,0.03,-0.1,-0.1
Pedro Rodrigues,20df3aaf,3000000,pt POR,MF,gr Olympiacos,23,1997,1.4,0,0,0,,0.00,0.00,,,,0,0,0,0.0,0.0,,0.0,0.0
Óscar Rodríguez Arnaiz,19709006,12000000,es ESP,MFFW,es Sevilla,22,1998,3.1,0,8,2,25.0,2.57,0.64,0.00,0.00,25.4,3,0,0,0.3,0.3,0.04,-0.3,-0.3
Rodrygo,8f5e92a6,35000000,br BRA,FW,es Real Madrid,19,2001,3.6,1,5,2,40.0,1.39,0.56,0.20,0.50,13.5,0,0,0,0.6,0.6,0.13,+0.4,+0.4
Cristian Romero,a3d94a58,30000000,ar ARG,DF,it Atalanta,22,1998,6.9,1,5,2,40.0,0.72,0.29,0.20,0.50,8.8,0,0,0,0.4,0.4,0.08,+0.6,+0.6
Cristiano Ronaldo,dea698d9,45000000,pt POR,FW,it Juventus,35,1985,6.3,4,21,8,38.1,3.32,1.27,0.10,0.25,18.3,2,2,2,4.4,2.9,0.14,-0.4,-0.9
Valentin Rongier,ed45c4a5,14000000,fr FRA,MF,fr Marseille,25,1994,4.9,0,6,0,0.0,1.22,0.00,0.00,,23.8,0,0,0,0.2,0.2,0.03,-0.2,-0.2
Marten de Roon,2a1beb34,23000000,nl NED,MF,it Atalanta,29,1991,5.3,0,1,0,0.0,0.19,0.00,0.00,,17.0,0,0,0,0.1,0.1,0.14,-0.1,-0.1
Antonio Rüdiger,18b896d6,28000000,de GER,DF,eng Chelsea,27,1993,10.3,0,5,2,40.0,0.49,0.20,0.00,0.00,24.7,0,0,0,0.2,0.2,0.03,-0.2,-0.2
Daniele Rugani,14b8fcdf,5000000,it ITA,DF,fr Rennes,26,1994,0.2,0,0,0,,0.00,0.00,,,,0,0,0,0.0,0.0,,0.0,0.0
Matteo Ruggeri,ae9898c5,2000000,it ITA,DF,it Atalanta,18,2002,0.2,0,1,0,0.0,6.00,0.00,0.00,,9.5,0,0,0,0.0,0.0,0.05,0.0,0.0
Georginio Rutter,c64c01fc,3500000,fr FRA,FW,fr Rennes,18,2002,0.2,1,3,1,33.3,12.86,4.29,0.00,0.00,13.4,0,1,1,1.5,0.8,0.26,-0.5,-0.8
Dmitrii Rybchinskii,32314605,2500000,ru RUS,MFFW,ru Loko Moscow,21,1998,1.7,0,2,1,50.0,1.16,0.58,0.00,0.00,18.3,0,0,0,0.1,0.1,0.07,-0.1,-0.1
Maciej Rybus,86dd16a8,2000000,pl POL,DF,ru Loko Moscow,30,1989,6.0,0,2,1,50.0,0.33,0.17,0.00,0.00,22.8,1,0,0,0.1,0.1,0.03,-0.1,-0.1
José Sá,903b6e8b,7500000,pt POR,GK,gr Olympiacos,27,1993,6.0,0,0,0,,0.00,0.00,,,,0,0,0,0.0,0.0,,0.0,0.0
Marcel Sabitzer,e280527c,42000000,at AUT,MF,de RB Leipzig,26,1994,6.3,0,14,1,7.1,2.22,0.16,0.00,0.00,24.2,0,0,0,0.6,0.6,0.04,-0.6,-0.6
Leon Sabua,4c32fb38,350000,ru RUS,FW,ru Krasnodar,19,2000,0.4,0,0,0,,0.00,0.00,,,,0,0,0,0.0,0.0,,0.0,0.0
Matvei Safonov,d97b252e,14000000,ru RUS,GK,ru Krasnodar,21,1999,4.0,0,0,0,,0.00,0.00,,,,0,0,0,0.0,0.0,,0.0,0.0
Hiroki Sakai,d63e2912,4000000,jp JPN,DF,fr Marseille,30,1990,6.0,0,0,0,,0.00,0.00,,,,0,0,0,0.0,0.0,,0.0,0.0
Mohamed Salah,e342ad68,100000000,eg EGY,FW,eng Liverpool,28,1992,8.6,6,21,12,57.1,2.43,1.39,0.24,0.42,16.0,0,1,1,5.0,4.3,0.20,+1.0,+0.7
Romain Salin,74733221,500000,fr FRA,GK,fr Rennes,36,1984,2.0,0,0,0,,0.00,0.00,,,,0,0,0,0.0,0.0,,0.0,0.0
Alexis Sánchez,2c0f8e9e,7500000,cl CHI,FWMF,it Inter,31,1988,1.3,0,4,0,0.0,2.98,0.00,0.00,,16.1,1,0,0,0.4,0.4,0.09,-0.4,-0.4
Jadon Sancho,dbf053da,100000000,eng ENG,FWMF,de Dortmund,20,2000,4.3,2,7,3,42.9,1.63,0.70,0.14,0.33,20.4,1,1,1,1.2,0.4,0.06,+0.8,+0.6
Alex Sandro,0d82903c,20000000,br BRA,DF,it Juventus,29,1991,5.3,0,3,0,0.0,0.56,0.00,0.00,,12.9,0,0,0,0.1,0.1,0.04,-0.1,-0.1
Leroy Sané,2b114be3,60000000,de GER,FWMF,de Bayern Munich,24,1996,6.4,3,19,5,26.3,2.96,0.78,0.16,0.60,17.7,1,0,0,1.9,1.9,0.10,+1.1,+1.1
Morgan Sanson,6e7f1353,16000000,fr FRA,MF,fr Marseille,25,1994,4.1,0,5,2,40.0,1.22,0.49,0.00,0.00,21.7,0,0,0,0.2,0.2,0.04,-0.2,-0.2
Douglas Santos,c50e5bba,16000000,br BRA,DF,ru Zenit,26,1994,4.4,0,0,0,,0.00,0.00,,,,0,0,0,0.0,0.0,,0.0,0.0
Zaidu Sanusi,24051310,8000000,ng NGA,DF,pt Porto,23,1997,9.6,1,9,4,44.4,0.94,0.42,0.11,0.25,12.3,0,0,0,1.5,1.5,0.20,-0.5,-0.5
Pablo Sarabia,9744ff80,22000000,es ESP,FWMF,fr Paris S-G,28,1992,1.6,0,3,0,0.0,1.89,0.00,0.00,,12.4,0,0,0,1.1,1.1,0.36,-1.1,-1.1
Bouna Sarr,1a4b9094,4000000,sn SEN,DF,de Bayern Munich,28,1992,2.1,0,3,0,0.0,1.44,0.00,0.00,,26.8,0,0,0,0.0,0.0,0.01,0.0,0.0
Malang Sarr,4315f30d,10000000,fr FRA,DF,pt Porto,21,1999,4.7,0,1,1,100.0,0.21,0.21,0.00,0.00,26.9,0,0,0,0.0,0.0,0.02,0.0,0.0
Stefan Savić,f6ac68c1,25000000,me MNE,DF,es Atlético Madrid,29,1991,7.9,0,2,0,0.0,0.25,0.00,0.00,,15.5,0,0,0,0.2,0.2,0.08,-0.2,-0.2
Alexander Scholz,b0c7a51d,2500000,dk DEN,DF,dk Midtjylland,27,1992,6.0,2,3,2,66.7,0.50,0.33,0.33,0.50,22.4,0,1,1,0.9,0.1,0.04,+1.1,+0.9
Siebe Schrijvers,746fec7d,2200000,be BEL,MF,be Club Brugge,24,1996,0.3,0,1,0,0.0,3.46,0.00,0.00,,41.0,1,0,0,0.1,0.1,0.08,-0.1,-0.1
Nico Schulz,fa274d97,6000000,de GER,DF,de Dortmund,27,1993,2.3,0,1,0,0.0,0.43,0.00,0.00,,11.4,0,0,0,0.2,0.2,0.18,-0.2,-0.2
Perr Schuurs,e613313c,8000000,nl NED,DF,nl Ajax,20,1999,5.6,0,7,1,14.3,1.25,0.18,0.00,0.00,24.6,0,0,0,0.3,0.3,0.04,-0.3,-0.3
Rúben Semedo,c904f3d5,8000000,pt POR,DF,gr Olympiacos,26,1994,5.9,0,3,0,0.0,0.51,0.00,0.00,,7.3,0,0,0,0.4,0.4,0.12,-0.4,-0.4
Stefano Sensi,b70bde8f,13000000,it ITA,MF,it Inter,24,1995,0.1,0,0,0,,0.00,0.00,,,,0,0,0,0.0,0.0,,0.0,0.0
Artem Shabanov,52e101a8,1500000,ua UKR,DF,ua Dynamo Kyiv,28,1992,1.0,0,1,0,0.0,1.00,0.00,0.00,,8.0,0,0,0,0.0,0.0,0.04,0.0,0.0
Daniil Shamkin,e8c0cafd,800000,ru RUS,MFFW,ru Zenit,18,2002,0.4,0,0,0,,0.00,0.00,,,,0,0,0,0.0,0.0,,0.0,0.0
Mykola Shaparenko,17e3e467,8000000,ua UKR,MF,ua Dynamo Kyiv,21,1998,4.7,0,3,1,33.3,0.63,0.21,0.00,0.00,18.0,1,0,0,0.2,0.2,0.06,-0.2,-0.2
Xherdan Shaqiri,6421ec64,12000000,ch SUI,MFFW,eng Liverpool,28,1991,1.8,0,1,0,0.0,0.57,0.00,0.00,,9.0,0,0,0,0.1,0.1,0.07,-0.1,-0.1
Luke Shaw,9c94165b,35000000,eng ENG,DF,eng Manchester Utd,25,1995,3.7,0,2,0,0.0,0.55,0.00,0.00,,19.3,0,0,0,0.1,0.1,0.04,-0.1,-0.1
Volodymyr Shepelyev,a81ed730,2500000,ua UKR,MF,ua Dynamo Kyiv,23,1997,2.9,0,0,0,,0.00,0.00,,,,0,0,0,0.0,0.0,,0.0,0.0
Dávid Sigér,3d2320f7,1000000,hu HUN,MF,hu Ferencváros,29,1990,4.3,0,4,0,0.0,0.93,0.00,0.00,,21.7,0,0,0,0.1,0.1,0.04,-0.1,-0.1
Bernardo Silva,3eb22ec9,70000000,pt POR,MFFW,eng Manchester City,25,1994,10.3,1,11,5,45.5,1.07,0.48,0.09,0.20,11.6,0,0,0,1.1,1.1,0.10,-0.1,-0.1
Thiago Silva,86e7deaf,3000000,br BRA,DF,eng Chelsea,35,1984,6.3,0,3,0,0.0,0.48,0.00,0.00,,16.7,0,0,0,0.2,0.2,0.07,-0.2,-0.2
Aleksandr Silyanov,2690dffa,300000,ru RUS,MF,ru Loko Moscow,19,2001,0.0,0,0,0,,0.00,0.00,,,,0,0,0,0.0,0.0,,0.0,0.0
Pione Sisto,fd9c4805,4500000,dk DEN,MFFW,dk Midtjylland,25,1995,3.8,0,1,0,0.0,0.26,0.00,0.00,,28.5,0,0,0,0.0,0.0,0.02,0.0,0.0
Milan Škriniar,30f5ffa9,60000000,sk SVK,DF,it Inter,25,1995,3.0,0,2,0,0.0,0.67,0.00,0.00,,14.3,0,0,0,0.1,0.1,0.05,-0.1,-0.1
Martin Škrtel,defb905a,400000,sk SVK,DF,tr Başakşehir,35,1984,4.5,0,0,0,,0.00,0.00,,,,0,0,0,0.0,0.0,,0.0,0.0
Igor Smolnikov,76d5857d,1500000,ru RUS,DFMF,ru Krasnodar,31,1988,5.0,0,3,0,0.0,0.60,0.00,0.00,,26.4,0,0,0,0.1,0.1,0.02,-0.1,-0.1
Fyodor Smolov,cbbfa2e7,6000000,ru RUS,FWMF,ru Loko Moscow,30,1990,2.2,0,3,2,66.7,1.36,0.90,0.00,0.00,13.3,0,0,0,0.3,0.3,0.09,-0.3,-0.3
Eduard Sobol,2ccd89a3,3000000,ua UKR,DFMF,be Club Brugge,25,1995,3.5,0,5,0,0.0,1.44,0.00,0.00,,20.7,0,0,0,0.4,0.4,0.08,-0.4,-0.4
Manor Solomon,886f9aac,20000000,il ISR,MFFW,ua Shakhtar,21,1999,4.1,2,3,2,66.7,0.73,0.49,0.67,1.00,16.5,0,0,0,0.3,0.3,0.11,+1.7,+1.7
Somália,c1febb46,1000000,br BRA,MF,hu Ferencváros,31,1988,5.2,0,1,0,0.0,0.19,0.00,0.00,,12.7,0,0,0,0.0,0.0,0.04,0.0,0.0
Yann Sommer,420c18a1,6000000,ch SUI,GK,de M'Gladbach,31,1988,8.0,0,0,0,,0.00,0.00,,,,0,0,0,0.0,0.0,,0.0,0.0
Brandon Soppy,28f66c2e,7000000,fr FRA,DF,fr Rennes,18,2002,1.8,0,0,0,,0.00,0.00,,,,0,0,0,0.0,0.0,,0.0,0.0
Yegor Sorokin,2fd337af,1800000,ru RUS,DF,ru Krasnodar,24,1995,1.7,0,0,0,,0.00,0.00,,,,0,0,0,0.0,0.0,,0.0,0.0
Hillel Soudani,7a435eb3,500000,dz ALG,FWMF,gr Olympiacos,32,1987,0.4,0,0,0,,0.00,0.00,,,,0,0,0,0.0,0.0,,0.0,0.0
Eduard Spertsyan,8e8f40e0,800000,am ARM,FW,ru Krasnodar,20,2000,0.4,0,1,0,0.0,2.25,0.00,0.00,,19.7,0,0,0,0.0,0.0,0.03,0.0,0.0
Marco Sportiello,ac4003af,2000000,it ITA,GK,it Atalanta,28,1992,5.0,0,0,0,,0.00,0.00,,,,0,0,0,0.0,0.0,,0.0,0.0
Cican Stankovic,27d902c8,1500000,at AUT,GK,at RB Salzburg,27,1992,6.0,0,0,0,,0.00,0.00,,,,0,0,0,0.0,0.0,,0.0,0.0
Zack Steffen,42130443,6000000,us USA,GK,eng Manchester City,25,1995,1.0,0,0,0,,0.00,0.00,,,,0,0,0,0.0,0.0,,0.0,0.0
Taras Stepanenko,ee3519f5,7500000,ua UKR,MFDF,ua Shakhtar,30,1989,3.2,0,1,0,0.0,0.31,0.00,0.00,,23.8,0,0,0,0.0,0.0,0.04,0.0,0.0
Raheem Sterling,b400bde0,90000000,eng ENG,FW,eng Manchester City,25,1994,7.2,1,14,7,50.0,1.94,0.97,0.07,0.14,15.3,1,0,0,1.8,1.8,0.13,-0.8,-0.8
Angelo Stiller,3b1ed320,2500000,de GER,MFFW,de Bayern Munich,19,2001,0.2,0,0,0,,0.00,0.00,,,,0,0,0,0.0,0.0,,0.0,0.0
Lars Stindl,7cd6badb,5000000,de GER,MFFW,de M'Gladbach,31,1988,5.9,2,8,3,37.5,1.36,0.51,0.13,0.33,18.6,1,1,1,1.4,0.7,0.08,+0.6,+0.3
John Stones,5eecec3d,30000000,eng ENG,DF,eng Manchester City,26,1994,8.9,0,1,0,0.0,0.11,0.00,0.00,,6.3,0,0,0,0.1,0.1,0.06,-0.1,-0.1
Thomas Strakosha,339fe0e8,14000000,al ALB,GK,it Lazio,25,1995,1.0,0,0,0,,0.00,0.00,,,,0,0,0,0.0,0.0,,0.0,0.0
Kevin Strootman,ef2e5e1a,5000000,nl NED,MF,fr Marseille,30,1990,0.3,0,0,0,,0.00,0.00,,,,0,0,0,0.0,0.0,,0.0,0.0
Luis Suárez,a6154613,15000000,uy URU,FW,es Atlético Madrid,33,1987,5.1,0,9,2,22.2,1.77,0.39,0.00,0.00,13.3,0,0,0,0.7,0.7,0.08,-0.7,-0.7
Luka Sučić,1e1378e1,3000000,hr CRO,MFFW,at RB Salzburg,17,2002,0.5,0,2,1,50.0,4.19,2.09,0.00,0.00,16.4,0,0,0,0.4,0.4,0.22,-0.4,-0.4
Heorhii Sudakov,a793f5a8,800000,ua UKR,FW,ua Shakhtar,17,2002,0.1,0,0,0,,0.00,0.00,,,,0,0,0,0.0,0.0,,0.0,0.0
Niklas Süle,e33c06cf,35000000,de GER,DF,de Bayern Munich,24,1995,6.0,1,5,2,40.0,0.84,0.34,0.20,0.50,8.0,0,0,0,0.6,0.6,0.13,+0.4,+0.4
Magomed-Shapi Suleymanov,d94653be,6000000,ru RUS,FWMF,ru Krasnodar,20,1999,2.3,1,3,1,33.3,1.31,0.44,0.33,1.00,21.9,2,0,0,0.2,0.2,0.07,+0.8,+0.8
Vladyslav Supriaha,73affbb6,6000000,ua UKR,FW,ua Dynamo Kyiv,20,2000,3.4,0,2,1,50.0,0.58,0.29,0.00,0.00,9.1,0,0,0,0.6,0.6,0.28,-0.6,-0.6
Suso,4e219ad2,20000000,es ESP,FW,es Sevilla,26,1993,3.1,1,6,3,50.0,1.96,0.98,0.17,0.33,18.5,1,0,0,0.3,0.3,0.04,+0.7,+0.7
Aleksei Sutormin,bd20f4eb,2500000,ru RUS,DF,ru Zenit,26,1994,2.7,0,2,0,0.0,0.73,0.00,0.00,,15.6,0,0,0,0.1,0.1,0.07,-0.1,-0.1
Erik Sviatchenko,9614b550,2000000,dk DEN,DF,dk Midtjylland,28,1991,5.0,0,6,2,33.3,1.20,0.40,0.00,0.00,13.5,0,0,0,0.4,0.4,0.06,-0.4,-0.4
Serhiy Sydorchuk,c71e97ba,4000000,ua UKR,MF,ua Dynamo Kyiv,29,1991,3.9,0,3,2,66.7,0.76,0.51,0.00,0.00,31.3,0,0,0,0.0,0.0,0.02,0.0,0.0
Wojciech Szczęsny,01b8a2b2,25000000,pl POL,GK,it Juventus,30,1990,7.3,0,0,0,,0.00,0.00,,,,0,0,0,0.0,0.0,,0.0,0.0
Dominik Szoboszlai,934e1968,25000000,hu HUN,MFFW,at RB Salzburg,19,2000,5.6,2,12,5,41.7,2.14,0.89,0.17,0.40,21.6,3,0,0,1.5,1.5,0.13,+0.5,+0.5
Alexander Sørloth,e92cd3f7,16000000,no NOR,FWMF,de RB Leipzig,24,1995,1.3,1,4,1,25.0,3.16,0.79,0.25,1.00,12.3,0,0,0,0.3,0.3,0.08,+0.7,+0.7
Dušan Tadić,2475dcc6,18000000,rs SRB,FWMF,nl Ajax,31,1988,6.0,2,5,2,40.0,0.83,0.33,0.20,0.50,18.0,1,1,1,1.3,0.6,0.11,+0.7,+0.4
Nicolás Tagliafico,f0661424,22000000,ar ARG,DF,nl Ajax,27,1992,5.7,0,2,1,50.0,0.35,0.18,0.00,0.00,18.2,0,0,0,0.1,0.1,0.05,-0.1,-0.1
Taison,7272a72a,7000000,br BRA,FW,ua Shakhtar,32,1988,3.1,0,5,2,40.0,1.61,0.65,0.00,0.00,22.2,1,0,0,0.4,0.4,0.08,-0.4,-0.4
Flavien Tait,a0f9b535,5000000,fr FRA,MF,fr Rennes,27,1993,0.5,0,2,1,50.0,4.19,2.09,0.00,0.00,12.5,0,0,0,0.3,0.3,0.13,-0.3,-0.3
Mehdi Taremi,4c2a5d34,16000000,ir IRN,FW,pt Porto,28,1992,2.2,2,7,5,71.4,3.15,2.25,0.29,0.40,18.7,0,0,0,1.0,1.0,0.14,+1.0,+1.0
Mahmut Tekdemir,bfe272bd,800000,tr TUR,MF,tr Başakşehir,32,1988,2.0,0,2,1,50.0,1.01,0.51,0.00,0.00,13.4,0,0,0,0.1,0.1,0.07,-0.1,-0.1
Alex Telles,e73c9bb2,20000000,br BRA,DF,eng Manchester Utd,27,1992,3.2,0,0,0,,0.00,0.00,,,,0,0,0,0.0,0.0,,0.0,0.0
Marc-André ter Stegen,6f51e382,60000000,de GER,GK,es Barcelona,28,1992,5.0,0,0,0,,0.00,0.00,,,,0,0,0,0.0,0.0,,0.0,0.0
Martin Terrier,5148dcc5,13000000,fr FRA,FWMF,fr Rennes,23,1997,2.7,0,2,1,50.0,0.75,0.37,0.00,0.00,19.2,0,0,0,0.1,0.1,0.03,-0.1,-0.1
Tetê,7120a04d,20000000,br BRA,MFFW,ua Shakhtar,20,2000,5.7,1,13,7,53.8,2.28,1.23,0.08,0.14,19.0,0,0,0,1.5,1.5,0.11,-0.5,-0.5
Florian Thauvin,2b9fdeea,17000000,fr FRA,FWMF,fr Marseille,27,1993,5.3,0,5,2,40.0,0.94,0.38,0.00,0.00,20.6,0,0,0,0.3,0.3,0.06,-0.3,-0.3
Marcus Thuram,6f8cd6d0,35000000,fr FRA,FW,de M'Gladbach,22,1997,6.6,2,13,7,53.8,1.96,1.05,0.15,0.29,12.9,0,0,0,1.5,1.5,0.11,+0.5,+0.5
Steffen Tigges,6b8887c2,1200000,de GER,FW,de Dortmund,22,1998,0.1,0,0,0,,0.00,0.00,,,,0,0,0,0.0,0.0,,0.0,0.0
Jurrien Timber,41034650,11000000,nl NED,DF,nl Ajax,19,2001,0.0,0,0,0,,,,,,,0,0,0,0.0,0.0,,0.0,0.0
Corentin Tolisso,652d4c37,20000000,fr FRA,MF,de Bayern Munich,25,1994,2.8,1,6,2,33.3,2.13,0.71,0.17,0.50,17.6,0,0,0,0.4,0.4,0.07,+0.6,+0.6
Rafael Tolói,c56dc39e,15000000,it ITA,DF,it Atalanta,29,1990,6.9,0,0,0,,0.00,0.00,,,,0,0,0,0.0,0.0,,0.0,0.0
Mehmet Topal,f93c876b,350000,tr TUR,MFDF,tr Başakşehir,34,1986,2.5,1,1,1,100.0,0.40,0.40,1.00,1.00,7.0,0,0,0,0.3,0.3,0.27,+0.7,+0.7
Lucas Torreira,52611641,20000000,uy URU,MF,es Atlético Madrid,24,1996,0.5,0,0,0,,0.00,0.00,,,,0,0,0,0.0,0.0,,0.0,0.0
Ferrán Torres,9e1035f8,50000000,es ESP,FW,eng Manchester City,20,2000,4.0,4,13,5,38.5,3.25,1.25,0.31,0.80,14.2,0,0,0,2.5,2.5,0.19,+1.5,+1.5
Óliver Torres,58a9a4d9,13000000,es ESP,MFFW,es Sevilla,25,1994,3.1,0,1,1,100.0,0.32,0.32,0.00,0.00,20.2,0,0,0,0.0,0.0,0.04,0.0,0.0
Hamari Traoré,a4b1028a,8000000,ml MLI,DF,fr Rennes,28,1992,6.0,0,5,0,0.0,0.83,0.00,0.00,,26.8,0,0,0,0.1,0.1,0.02,-0.1,-0.1
Ibrahima Traoré,096a77c4,600000,gn GUI,FW,de M'Gladbach,32,1988,0.3,0,1,0,0.0,3.33,0.00,0.00,,15.8,0,0,0,0.1,0.1,0.09,-0.1,-0.1
Francisco Trincão,77e39b04,22000000,pt POR,FWMF,es Barcelona,20,1999,3.7,0,11,5,45.5,2.96,1.35,0.00,0.00,18.4,0,0,0,1.4,1.4,0.13,-1.4,-1.4
Kieran Trippier,21512407,20000000,eng ENG,DF,es Atlético Madrid,29,1990,6.8,0,0,0,,0.00,0.00,,,,0,0,0,0.0,0.0,,0.0,0.0
Anatolii Trubin,41f0b196,8000000,ua UKR,GK,ua Shakhtar,18,2001,5.0,0,0,0,,0.00,0.00,,,,0,0,0,0.0,0.0,,0.0,0.0
Adrien Truffert,5d0e0a1f,12000000,fr FRA,DF,fr Rennes,18,2001,2.7,0,3,1,33.3,1.12,0.37,0.00,0.00,22.3,0,0,0,0.1,0.1,0.04,-0.1,-0.1
Kostas Tsimikas,f315ca93,8000000,gr GRE,DF,eng Liverpool,24,1996,1.4,0,2,0,0.0,1.38,0.00,0.00,,18.8,0,0,0,0.1,0.1,0.03,-0.1,-0.1
Viktor Tsyhankov,f7e87032,25000000,ua UKR,MFFW,ua Dynamo Kyiv,22,1997,4.7,2,8,6,75.0,1.71,1.28,0.13,0.17,15.1,1,1,1,3.0,2.2,0.28,-1.0,-1.2
Axel Tuanzebe,2baec6ce,8000000,eng ENG,DF,eng Manchester Utd,22,1997,2.3,0,1,0,0.0,0.44,0.00,0.00,,10.0,0,0,0,0.0,0.0,0.03,0.0,0.0
Deniz Turuc,ed140063,3100000,tr TUR,MFFW,tr Başakşehir,27,1993,5.8,1,6,3,50.0,1.03,0.52,0.17,0.33,18.7,3,0,0,0.5,0.5,0.08,+0.5,+0.5
Andreas Ulmer,1a799243,800000,at AUT,DF,at RB Salzburg,34,1985,6.0,0,9,3,33.3,1.50,0.50,0.00,0.00,20.2,0,0,0,0.3,0.3,0.03,-0.3,-0.3
Samuel Umtiti,3eed9821,8000000,fr FRA,DF,es Barcelona,26,1993,0.4,0,0,0,,0.00,0.00,,,,0,0,0,0.0,0.0,,0.0,0.0
Dayot Upamecano,d248cd8f,60000000,fr FRA,DF,de RB Leipzig,21,1998,6.7,0,4,2,50.0,0.60,0.30,0.00,0.00,15.0,0,0,0,0.1,0.1,0.03,-0.1,-0.1
Mateus Uribe,b997c3de,15000000,co COL,MF,pt Porto,29,1991,8.3,1,9,1,11.1,1.09,0.12,0.11,1.00,20.5,0,0,0,0.5,0.5,0.06,+0.5,+0.5
Daniil Utkin,9ddb85e8,2500000,ru RUS,MF,ru Krasnodar,20,1999,2.5,0,7,2,28.6,2.81,0.80,0.00,0.00,20.7,2,0,0,0.4,0.4,0.06,-0.4,-0.4
Myrto Uzuni,01da7812,3000000,al ALB,FWMF,hu Ferencváros,25,1995,2.7,1,2,2,100.0,0.74,0.74,0.50,0.50,12.1,0,0,0,0.3,0.3,0.16,+0.7,+0.7
Tomáš Vaclík,7b456af7,4000000,cz CZE,GK,es Sevilla,31,1989,2.0,0,0,0,,0.00,0.00,,,,0,0,0,0.0,0.0,,0.0,0.0
Mathieu Valbuena,7a4cea18,1000000,fr FRA,FWMF,gr Olympiacos,35,1984,2.8,0,5,2,40.0,1.76,0.70,0.00,0.00,14.2,0,0,0,0.8,0.8,0.15,-0.8,-0.8
Albert Vallci,9778d8dd,2500000,at AUT,DF,at RB Salzburg,25,1995,1.0,0,0,0,,0.00,0.00,,,,0,0,0,0.0,0.0,,0.0,0.0
Federico Valverde,0959c2a2,65000000,uy URU,MFDF,es Real Madrid,22,1998,5.4,0,4,0,0.0,0.73,0.00,0.00,,21.5,0,0,0,0.2,0.2,0.05,-0.2,-0.2
Thomas Van den Keybus,21453b2e,500000,be BEL,DF,be Club Brugge,19,2001,0.0,0,0,0,,0.00,0.00,,,,0,0,0,0.0,0.0,,0.0,0.0
Ignace Van Der Brempt,2bf50b37,1200000,be BEL,DF,be Club Brugge,18,2002,0.1,0,0,0,,0.00,0.00,,,,0,0,0,0.0,0.0,,0.0,0.0
Hans Vanaken,392a7aea,13000000,be BEL,MF,be Club Brugge,27,1992,5.9,3,6,3,50.0,1.02,0.51,0.17,0.33,17.6,0,2,2,2.0,0.5,0.09,+1.0,+0.5
Raphaël Varane,9f8e9423,70000000,fr FRA,DF,es Real Madrid,27,1993,9.0,0,3,1,33.3,0.33,0.11,0.00,0.00,8.7,0,0,0,0.2,0.2,0.05,-0.2,-0.2
Franco Vázquez,467bae22,4000000,ar ARG,FWMF,es Sevilla,31,1989,1.0,0,2,0,0.0,2.00,0.00,0.00,,13.6,0,0,0,0.2,0.2,0.08,-0.2,-0.2
Lucas Vázquez,fd51b456,15000000,es ESP,DFFW,es Real Madrid,29,1991,8.0,0,9,0,0.0,1.13,0.00,0.00,,17.5,0,0,0,0.9,0.9,0.10,-0.9,-0.9
Benjamin Verbič,2ebc1b44,5500000,si SVN,FW,ua Dynamo Kyiv,26,1993,3.2,0,4,2,50.0,1.25,0.62,0.00,0.00,17.8,0,0,0,0.5,0.5,0.11,-0.5,-0.5
Marco Verratti,1467af0d,55000000,it ITA,MFFW,fr Paris S-G,27,1992,5.6,0,3,0,0.0,0.54,0.00,0.00,,18.7,0,0,0,0.1,0.1,0.04,-0.1,-0.1
Lasse Vibe,f5f2ec59,300000,dk DEN,FWMF,dk Midtjylland,33,1987,0.5,0,0,0,,0.00,0.00,,,,0,0,0,0.0,0.0,,0.0,0.0
Arturo Vidal,67cdbc0e,3500000,cl CHI,MF,it Inter,33,1987,3.2,0,4,0,0.0,1.26,0.00,0.00,,20.8,0,0,0,0.3,0.3,0.07,-0.3,-0.3
Fabio Vieira,6412cc03,9000000,pt POR,MFFW,pt Porto,20,2000,1.8,1,2,1,50.0,1.13,0.56,0.50,1.00,18.0,0,0,0,0.5,0.5,0.24,+0.5,+0.5
Tonny Vilhena,c7069d87,8000000,nl NED,MF,ru Krasnodar,25,1995,4.3,0,5,0,0.0,1.17,0.00,0.00,,22.3,0,0,0,0.3,0.3,0.06,-0.3,-0.3
Rúben Vinagre,b937e490,5000000,pt POR,DFFW,gr Olympiacos,21,1999,0.2,0,0,0,,0.00,0.00,,,,0,0,0,0.0,0.0,,0.0,0.0
Edin Višća,da1185fc,8000000,ba BIH,MF,tr Başakşehir,30,1990,4.7,1,19,6,31.6,4.04,1.28,0.05,0.17,20.2,1,0,0,1.4,1.4,0.07,-0.4,-0.4
Vitão,d4f034db,3000000,br BRA,DF,ua Shakhtar,20,2000,1.4,0,0,0,,0.00,0.00,,,,0,0,0,0.0,0.0,,0.0,0.0
Vitolo,db750822,4000000,es ESP,MFDF,es Atlético Madrid,30,1989,0.3,0,0,0,,0.00,0.00,,,,0,0,0,0.0,0.0,,0.0,0.0
Bohdan Viunnyk,e4d5e2ae,400000,ua UKR,MF,ua Shakhtar,18,2002,0.0,0,0,0,,0.00,0.00,,,,0,0,0,0.0,0.0,,0.0,0.0
Ruud Vormer,c24544c7,4000000,nl NED,MF,be Club Brugge,32,1988,5.7,1,10,3,30.0,1.74,0.52,0.10,0.33,16.0,1,0,0,1.6,1.6,0.16,-0.6,-0.6
Stefan de Vrij,d0d8dd44,50000000,nl NED,DF,it Inter,28,1992,6.0,0,2,0,0.0,0.33,0.00,0.00,,9.0,0,0,0,0.2,0.2,0.08,-0.2,-0.2
Marious Vrousai,d2795011,1500000,gr GRE,FWDF,gr Olympiacos,22,1998,2.1,0,3,2,66.7,1.45,0.97,0.00,0.00,18.6,0,0,0,0.1,0.1,0.02,-0.1,-0.1
Kyle Walker,86dd77d1,28000000,eng ENG,DF,eng Manchester City,30,1990,10.9,0,2,1,50.0,0.18,0.09,0.00,0.00,29.4,0,0,0,0.0,0.0,0.01,0.0,0.0
Aaron Wan-Bissaka,9e525177,40000000,eng ENG,DF,eng Manchester Utd,22,1997,5.2,0,0,0,,0.00,0.00,,,,0,0,0,0.0,0.0,,0.0,0.0
Wanderson,5da33b33,9000000,br BRA,FWMF,ru Krasnodar,25,1994,2.3,1,5,2,40.0,2.20,0.88,0.20,0.50,16.1,0,0,0,0.3,0.3,0.06,+0.7,+0.7
Wendel,33b11df6,17000000,br BRA,MFFW,ru Zenit,22,1997,1.6,0,3,2,66.7,1.91,1.28,0.00,0.00,25.9,0,0,0,0.1,0.1,0.03,-0.1,-0.1
Oscar Wendt,b69261a0,600000,se SWE,DF,de M'Gladbach,34,1985,2.4,1,2,1,50.0,0.84,0.42,0.50,1.00,25.9,1,0,0,0.1,0.1,0.05,+0.9,+0.9
Timo Werner,49fe9070,65000000,de GER,FWMF,eng Chelsea,24,1996,9.0,4,22,11,50.0,2.44,1.22,0.05,0.09,14.3,0,3,3,6.6,4.1,0.19,-2.6,-3.1
Georginio Wijnaldum,eb58eef0,30000000,nl NED,MF,eng Liverpool,29,1990,8.0,0,6,1,16.7,0.75,0.13,0.00,0.00,20.5,0,0,0,0.7,0.7,0.12,-0.7,-0.7
Brandon Williams,5e74d6c8,10000000,eng ENG,DF,eng Manchester Utd,19,2000,0.7,0,0,0,,0.00,0.00,,,,0,0,0,0.0,0.0,,0.0,0.0
Neco Williams,dd323728,8000000,wls WAL,DF,eng Liverpool,19,2001,2.1,0,2,0,0.0,0.95,0.00,0.00,,17.6,0,0,0,0.1,0.1,0.06,-0.1,-0.1
Rhys Williams,012c975a,5000000,eng ENG,DF,eng Liverpool,19,2001,3.7,0,0,0,,0.00,0.00,,,,0,0,0,0.0,0.0,,0.0,0.0
Axel Witsel,5dfc6ad5,9000000,be BEL,MFDF,de Dortmund,31,1989,4.0,1,4,2,50.0,0.99,0.50,0.25,0.50,21.3,0,0,0,0.2,0.2,0.04,+0.8,+0.8
Maximilian Wöber,4b803b3c,8000000,at AUT,DF,at RB Salzburg,22,1998,5.7,0,4,0,0.0,0.70,0.00,0.00,,20.2,0,0,0,0.1,0.1,0.02,-0.1,-0.1
Hannes Wolf,be42a291,8000000,at AUT,MFFW,de M'Gladbach,21,1999,0.9,0,2,1,50.0,2.14,1.07,0.00,0.00,21.6,0,0,0,0.2,0.2,0.08,-0.2,-0.2
Ashley Young,be927d03,1000000,eng ENG,DF,it Inter,35,1985,4.6,0,3,0,0.0,0.65,0.00,0.00,,20.8,0,0,0,0.1,0.1,0.03,-0.1,-0.1
Illia Zabarnyi,88968486,6000000,ua UKR,DF,ua Dynamo Kyiv,17,2002,6.0,0,2,0,0.0,0.33,0.00,0.00,,9.0,0,0,0,0.1,0.1,0.06,-0.1,-0.1
Dan-Axel Zagadou,a4effc55,18000000,fr FRA,DF,de Dortmund,21,1999,0.2,0,0,0,,0.00,0.00,,,,0,0,0,0.0,0.0,,0.0,0.0
Denis Zakaria,384d58d9,30000000,ch SUI,MFDF,de M'Gladbach,23,1996,3.2,0,1,0,0.0,0.31,0.00,0.00,,30.1,0,0,0,0.0,0.0,0.01,0.0,0.0
Duván Zapata,d3de9af0,33000000,co COL,FW,it Atalanta,29,1991,5.8,3,23,12,52.2,3.97,2.07,0.13,0.25,14.0,0,0,0,4.4,4.4,0.19,-1.4,-1.4
Rifat Zhemaletdinov,ed87a229,4000000,ru RUS,MF,ru Loko Moscow,23,1996,1.2,0,3,1,33.3,2.60,0.87,0.00,0.00,15.4,0,0,0,0.5,0.5,0.15,-0.5,-0.5
Yuri Zhirkov,ed2b33cb,300000,ru RUS,MFDF,ru Zenit,36,1983,1.8,0,2,0,0.0,1.08,0.00,0.00,,24.7,0,0,0,0.1,0.1,0.04,-0.1,-0.1
Dmitri Zhivoglyadov,833a8fbc,2000000,ru RUS,DF,ru Loko Moscow,26,1994,5.9,0,1,0,0.0,0.17,0.00,0.00,,12.2,0,0,0,0.1,0.1,0.05,-0.1,-0.1
Oleksandr Zinchenko,51cf8561,25000000,ua UKR,DF,eng Manchester City,23,1996,6.5,0,5,3,60.0,0.77,0.46,0.00,0.00,22.5,1,0,0,0.4,0.4,0.09,-0.4,-0.4
Joshua Zirkzee,028e70b9,8000000,nl NED,MF,de Bayern Munich,19,2001,0.1,0,0,0,,0.00,0.00,,,,0,0,0,0.0,0.0,,0.0,0.0
Hakim Ziyech,6622454d,38000000,ma MAR,FWMF,eng Chelsea,27,1993,3.9,2,13,8,61.5,3.35,2.06,0.15,0.25,18.6,1,0,0,1.4,1.4,0.11,+0.6,+0.6
Kurt Zouma,ce4246f5,32000000,fr FRA,DF,eng Chelsea,25,1994,5.0,0,1,1,100.0,0.20,0.20,0.00,0.00,11.0,0,0,0,0.0,0.0,0.04,0.0,0.0
Oleksandr Zubkov,adfbe1f5,2000000,ua UKR,FWMF,hu Ferencváros,23,1996,4.3,0,8,0,0.0,1.86,0.00,0.00,,21.8,0,0,0,0.4,0.4,0.05,-0.4,-0.4
Martin Ødegaard,79300479,40000000,no NOR,MF,es Real Madrid,21,1998,1.5,0,2,2,100.0,1.35,1.35,0.00,0.00,20.5,0,0,0,0.1,0.1,0.04,-0.1,-0.1
